frame,t_sec,detected,side_used,knee_angle_raw,knee_angle,excluded_reason,left_hip_x,left_hip_y,left_hip_conf,left_knee_x,left_knee_y,left_knee_conf,left_ankle_x,left_ankle_y,left_ankle_conf,right_hip_x,right_hip_y,right_hip_conf,right_knee_x,right_knee_y,right_knee_conf,right_ankle_x,right_ankle_y,right_ankle_conf
0,0.0,1,left,80.52511223880215,79.42112027275456,,0.4952586591243744,0.507192075252533,0.9999887943267822,0.47893521189689636,0.564999520778656,0.9990339279174805,0.5873752236366272,0.5769590139389038,0.9946960210800171,0.5025550723075867,0.5146945118904114,0.9999634027481079,0.43361198902130127,0.559330403804779,0.8332626819610596,0.47306114435195923,0.6055333614349365,0.9383770227432251
1,0.03333333333333333,1,left,78.3492379927196,80.52511223880215,,0.49706950783729553,0.5074270367622375,0.9999887943267822,0.47826236486434937,0.5646175146102905,0.9990937113761902,0.5846003293991089,0.5768323540687561,0.9949467778205872,0.49601560831069946,0.5147023797035217,0.9999625086784363,0.4324290156364441,0.5589536428451538,0.8342036604881287,0.4770558476448059,0.6041048765182495,0.9391972422599792
2,0.06666666666666667,1,left,79.42112027275456,79.42112027275456,,0.4946269690990448,0.5074512958526611,0.9999884963035583,0.47645461559295654,0.5636309385299683,0.9990972280502319,0.5767260193824768,0.5765576362609863,0.9953203201293945,0.4941445589065552,0.513455331325531,0.9999627470970154,0.45131081342697144,0.5638216733932495,0.8388026356697083,0.5128962993621826,0.6019538640975952,0.9420192837715149
3,0.1,1,left,91.39306515135539,79.42112027275456,,0.49272558093070984,0.5052520632743835,0.9999886155128479,0.48477694392204285,0.5594502687454224,0.9991219639778137,0.578204870223999,0.5754814743995667,0.9957103729248047,0.48810240626335144,0.5120850801467896,0.9999608993530273,0.4474184811115265,0.563348114490509,0.8374692797660828,0.48683249950408936,0.6021402478218079,0.9408837556838989
4,0.13333333333333333,1,left,76.29091075562673,79.72898531450033,,0.49160441756248474,0.5004170536994934,0.99998539686203,0.45563286542892456,0.5555626153945923,0.9988594651222229,0.5406895279884338,0.5855281352996826,0.995868980884552,0.4843653738498688,0.510141134262085,0.9999552965164185,0.4655079245567322,0.5637980103492737,0.8415994048118591,0.5392348766326904,0.5865489840507507,0.9400759935379028
5,0.16666666666666666,1,left,79.72898531450033,91.39306515135539,,0.491599440574646,0.4959126114845276,0.9999793767929077,0.4586982727050781,0.5512388944625854,0.9986396431922913,0.5488326549530029,0.5848811864852905,0.9959391355514526,0.48210060596466064,0.5076221227645874,0.9999406933784485,0.4592706263065338,0.5633957982063293,0.8440740704536438,0.5384451746940613,0.5827088356018066,0.9373980760574341
6,0.2,1,left,96.85001627553592,96.85001627553592,,0.490884006023407,0.49203911423683167,0.9999761581420898,0.4760723114013672,0.5461582541465759,0.9984632134437561,0.553918182849884,0.5778573155403137,0.9959352612495422,0.48119062185287476,0.5051785707473755,0.9999269843101501,0.45756766200065613,0.5606371760368347,0.8413310050964355,0.5267634391784668,0.5868467688560486,0.9320970177650452
7,0.23333333333333334,1,left,101.9500997382181,101.9500997382181,,0.4886726140975952,0.48906031250953674,0.9999706745147705,0.4758363366127014,0.5457194447517395,0.9975288510322571,0.547519862651825,0.5787131190299988,0.9952566623687744,0.47884875535964966,0.5009517669677734,0.9999194145202637,0.4674413502216339,0.560469925403595,0.8418320417404175,0.5428158044815063,0.5855344533920288,0.9287667274475098
8,0.26666666666666666,1,left,103.4312765114005,103.4312765114005,,0.4856935441493988,0.4859984815120697,0.999969482421875,0.47995299100875854,0.5429708957672119,0.9971005916595459,0.5508197546005249,0.5676285028457642,0.9951807856559753,0.4756380617618561,0.49734124541282654,0.9999179244041443,0.4608275592327118,0.5605286359786987,0.8387627601623535,0.532279908657074,0.5875973701477051,0.9252476692199707
9,0.3,1,left,107.23779428987524,107.23779428987524,,0.4837426543235779,0.48215252161026,0.9999666810035706,0.48138394951820374,0.5420103669166565,0.996407687664032,0.5559188723564148,0.5683963298797607,0.9947047829627991,0.47291290760040283,0.49527502059936523,0.9999171495437622,0.4594026505947113,0.5576037168502808,0.837153971195221,0.5322250723838806,0.5878270268440247,0.9221044778823853
10,0.3333333333333333,1,left,108.8529645603014,108.8529645603014,,0.4818246066570282,0.48100847005844116,0.999966025352478,0.48100316524505615,0.5391845107078552,0.9960964322090149,0.5565149188041687,0.566165030002594,0.9946848154067993,0.4724428057670593,0.4924265742301941,0.9999161958694458,0.44564858078956604,0.551529586315155,0.828528642654419,0.5244449377059937,0.5916801691055298,0.9165284037590027
11,0.36666666666666664,1,left,113.40315855680548,108.8529645603014,,0.4824097752571106,0.4798845648765564,0.9999688267707825,0.48619773983955383,0.5377781391143799,0.9962973594665527,0.5588169693946838,0.5637218952178955,0.9950202703475952,0.4706319570541382,0.491473525762558,0.9999204277992249,0.4426352381706238,0.5513105988502502,0.8276193737983704,0.480098694562912,0.6025658249855042,0.9174708127975464
12,0.4,1,left,116.2965182186842,108.8529645603014,,0.4821622967720032,0.47922468185424805,0.9999712705612183,0.48889777064323425,0.5365787744522095,0.996461808681488,0.563754141330719,0.5632318258285522,0.9953137040138245,0.46961286664009094,0.48871922492980957,0.9999232292175293,0.43972262740135193,0.5503029823303223,0.8275502920150757,0.4754222631454468,0.60526442527771,0.9190675616264343
13,0.43333333333333335,1,left,108.21468098106008,108.21468098106008,,0.47970306873321533,0.4776260256767273,0.9999731779098511,0.4815838038921356,0.5391058921813965,0.9965224266052246,0.5644356608390808,0.5635887384414673,0.9955389499664307,0.46745625138282776,0.4860611855983734,0.9999257326126099,0.4372105598449707,0.5478459596633911,0.8247854709625244,0.4742582142353058,0.6050005555152893,0.9202638864517212
14,0.4666666666666667,1,left,98.98769311144021,98.98769311144021,,0.4798886179924011,0.47731176018714905,0.999975323677063,0.47385522723197937,0.5399751663208008,0.9967281222343445,0.5645694136619568,0.5634140372276306,0.9958941340446472,0.46630579233169556,0.48660653829574585,0.9999295473098755,0.4377133548259735,0.5471753478050232,0.8323070406913757,0.47706958651542664,0.604514479637146,0.92521071434021
15,0.5,1,left,97.99201486795081,97.99201486795081,,0.47921714186668396,0.47508135437965393,0.9999759197235107,0.47220760583877563,0.5408165454864502,0.9967856407165527,0.5626153349876404,0.563489556312561,0.9960991740226746,0.46533817052841187,0.4842965006828308,0.9999304413795471,0.43840301036834717,0.5465059876441956,0.8384638428688049,0.4770317077636719,0.6044232845306396,0.9289631843566895
16,0.5333333333333333,1,left,92.33823594551548,92.33823594551548,,0.47950905561447144,0.47346243262290955,0.9999767541885376,0.46630629897117615,0.5406398177146912,0.9968791007995605,0.558017373085022,0.5625852346420288,0.9962496757507324,0.46569567918777466,0.4833909571170807,0.9999330639839172,0.43861714005470276,0.5450414419174194,0.846153974533081,0.47630709409713745,0.6046956181526184,0.9333704113960266
17,0.5666666666666667,1,left,91.1010784994297,92.33823594551548,,0.4794478118419647,0.4710858464241028,0.9999772310256958,0.46306857466697693,0.5387803316116333,0.9969214797019958,0.5554559230804443,0.5630226135253906,0.9964043498039246,0.46449515223503113,0.48085227608680725,0.99993497133255,0.4386359751224518,0.5437647104263306,0.8499999642372131,0.4766821563243866,0.6053082346916199,0.9363624453544617
18,0.6,1,left,92.26407900169124,92.33823594551548,,0.4796086251735687,0.46934938430786133,0.9999776482582092,0.4628181755542755,0.5363260507583618,0.9969664216041565,0.5541635751724243,0.5631023645401001,0.9964765310287476,0.4647979736328125,0.47951942682266235,0.999936580657959,0.4403802752494812,0.54264235496521,0.8555706143379211,0.47614648938179016,0.6058734655380249,0.9394334554672241
19,0.6333333333333333,1,left,93.71502564295754,92.26407900169124,,0.47897255420684814,0.4675469994544983,0.9999766945838928,0.46199432015419006,0.5349615812301636,0.9969208240509033,0.5530912280082703,0.5642988681793213,0.9964818954467773,0.46387654542922974,0.4770050644874573,0.9999366998672485,0.44243261218070984,0.5407359004020691,0.8599008321762085,0.4759865403175354,0.60622239112854,0.9423059225082397
20,0.6666666666666666,1,left,92.83953101946396,92.26407900169124,,0.4774910509586334,0.4655074179172516,0.9999735355377197,0.45863473415374756,0.5350568890571594,0.9967330098152161,0.5485787987709045,0.5642970204353333,0.9962005019187927,0.46371182799339294,0.4740280210971832,0.9999347925186157,0.4441588521003723,0.5391742587089539,0.8546071648597717,0.47708216309547424,0.6058753728866577,0.9417673349380493
21,0.7,1,left,90.26399909381293,90.46335283409925,,0.475722998380661,0.4647447168827057,0.9999709725379944,0.4541151821613312,0.535203218460083,0.9965816736221313,0.5473089218139648,0.5642538070678711,0.9957452416419983,0.464081346988678,0.47258108854293823,0.9999353289604187,0.4468248784542084,0.5376353859901428,0.849398136138916,0.4774293303489685,0.6056230664253235,0.9409691095352173
22,0.7333333333333333,1,left,90.14168093939486,90.46335283409925,,0.47436392307281494,0.462806761264801,0.9999696612358093,0.4517534673213959,0.5337170362472534,0.996411919593811,0.5396881103515625,0.5619956254959106,0.9947383403778076,0.4642888307571411,0.4699473977088928,0.9999377131462097,0.44991591572761536,0.5375618934631348,0.8411681056022644,0.47750070691108704,0.6056823134422302,0.9393284916877747
23,0.7666666666666667,1,left,90.46335283409925,90.46335283409925,,0.47354283928871155,0.4626670479774475,0.9999685883522034,0.45106247067451477,0.5336450338363647,0.996370792388916,0.5366281270980835,0.5615090131759644,0.9944186806678772,0.46450600028038025,0.4697434902191162,0.9999398589134216,0.4509350061416626,0.53669273853302,0.8381699919700623,0.4776827394962311,0.6055711507797241,0.9400085210800171
24,0.8,1,left,92.47061859250927,91.92374413667014,,0.47131019830703735,0.46264687180519104,0.9999683499336243,0.44961678981781006,0.5335440039634705,0.9964724779129028,0.5392904877662659,0.5652707815170288,0.994543731212616,0.46414610743522644,0.4687287211418152,0.9999411702156067,0.45077264308929443,0.5357926487922668,0.8357685804367065,0.47778207063674927,0.6060874462127686,0.9412291646003723
25,0.8333333333333334,1,left,91.92374413667014,91.92374413667014,,0.4695166349411011,0.46284931898117065,0.9999678134918213,0.4467061161994934,0.5328299403190613,0.9963935017585754,0.5346292853355408,0.5647920370101929,0.9941208958625793,0.46549662947654724,0.46827030181884766,0.9999426007270813,0.4509386420249939,0.5359150767326355,0.8271189332008362,0.47800663113594055,0.607146143913269,0.9403413534164429
26,0.8666666666666667,1,left,93.16151103946883,91.92374413667014,,0.4664593040943146,0.46295976638793945,0.9999675154685974,0.4452001750469208,0.5324674844741821,0.9963994026184082,0.5330637097358704,0.5647391080856323,0.9940032362937927,0.46641138195991516,0.46739131212234497,0.9999435544013977,0.45175084471702576,0.5355799198150635,0.8173708319664001,0.47816193103790283,0.6071566343307495,0.9389073252677917
27,0.9,1,left,90.87626372726868,90.87626372726868,,0.46458297967910767,0.4631478190422058,0.9999693036079407,0.44105738401412964,0.5316594839096069,0.9964227676391602,0.5290757417678833,0.5633962154388428,0.9938015341758728,0.46730321645736694,0.46727219223976135,0.9999476075172424,0.45328715443611145,0.5358025431632996,0.8049868941307068,0.47830677032470703,0.6066426634788513,0.9381932616233826
28,0.9333333333333333,1,left,90.66543917918871,90.66543917918871,,0.4642772972583771,0.4627845287322998,0.9999700784683228,0.44032156467437744,0.5307394862174988,0.9962544441223145,0.5240499973297119,0.5613535642623901,0.9924764037132263,0.4673730432987213,0.4670875072479248,0.9999509453773499,0.45314958691596985,0.5360307097434998,0.7963175177574158,0.47852814197540283,0.6066285371780396,0.9376769661903381
29,0.9666666666666667,1,left,89.11754658951537,89.11754658951537,,0.4642774164676666,0.462848037481308,0.9999706745147705,0.4385395348072052,0.5300477147102356,0.9960488677024841,0.5207309722900391,0.560084342956543,0.9910887479782104,0.4674009680747986,0.4672413766384125,0.9999542236328125,0.45293015241622925,0.5361285209655762,0.7903750538825989,0.4786103367805481,0.6066080331802368,0.9381231665611267
30,1.0,1,left,87.99731558978894,87.99731558978894,,0.464081734418869,0.4625994563102722,0.9999701976776123,0.4364686906337738,0.5300202369689941,0.9957312345504761,0.515462338924408,0.5591930747032166,0.9887062311172485,0.46724316477775574,0.4671112596988678,0.9999568462371826,0.4527386426925659,0.5362326502799988,0.7823719382286072,0.47887006402015686,0.6066489815711975,0.9370269775390625
31,1.0333333333333334,1,left,86.29691868945051,86.41704720044959,,0.4634709656238556,0.46263131499290466,0.999970018863678,0.4345457851886749,0.5299777388572693,0.9955542087554932,0.5163430571556091,0.5590085387229919,0.987551748752594,0.4678555727005005,0.46682319045066833,0.9999597668647766,0.45293575525283813,0.5363267660140991,0.7752698063850403,0.47903966903686523,0.6071243286132812,0.9369096755981445
32,1.0666666666666667,1,left,86.41704720044959,86.29691868945051,,0.46342477202415466,0.46230965852737427,0.9999709725379944,0.4343554377555847,0.5299869775772095,0.995537519454956,0.5160667300224304,0.5591826438903809,0.9868348240852356,0.4676940143108368,0.4669361114501953,0.9999626278877258,0.45283907651901245,0.5363842248916626,0.7701469659805298,0.47906213998794556,0.6075016260147095,0.9376236200332642
33,1.1,1,left,85.72053259970423,86.04275034435749,,0.46319910883903503,0.4621551036834717,0.9999719858169556,0.43321505188941956,0.5298617482185364,0.9956665635108948,0.5159376859664917,0.5593290328979492,0.9869980216026306,0.46795451641082764,0.46680158376693726,0.9999651908874512,0.4527722895145416,0.5364389419555664,0.766431450843811,0.47912466526031494,0.6075242757797241,0.9384760856628418
34,1.1333333333333333,1,left,86.0174491830993,86.0174491830993,,0.4634340703487396,0.4617161750793457,0.9999728798866272,0.4333381652832031,0.5295578837394714,0.9957912564277649,0.5157252550125122,0.5594474077224731,0.9869516491889954,0.4679400324821472,0.46661487221717834,0.9999675154685974,0.4527283310890198,0.5364024639129639,0.7658138275146484,0.47917085886001587,0.6075420379638672,0.9399053454399109
35,1.1666666666666667,1,left,86.04275034435749,85.72053259970423,,0.4636310040950775,0.4618014693260193,0.9999735355377197,0.4333309233188629,0.5294547080993652,0.9958129525184631,0.5151894092559814,0.5595226287841797,0.9868444800376892,0.46855637431144714,0.4667276442050934,0.9999690651893616,0.4525848627090454,0.5366925001144409,0.7613221406936646,0.47929802536964417,0.6075927019119263,0.9401605129241943
36,1.2,1,left,85.55494961558666,85.74877963582304,,0.4637738764286041,0.4618518352508545,0.9999741911888123,0.4328007400035858,0.5294444561004639,0.9959349632263184,0.5151157975196838,0.5596876740455627,0.9870209693908691,0.46888548135757446,0.46678057312965393,0.9999707341194153,0.4525236487388611,0.5369442701339722,0.7587711215019226,0.47945764660835266,0.6077441573143005,0.9414523839950562
37,1.2333333333333334,1,left,85.46094976621713,85.74877963582304,,0.4637492895126343,0.46200838685035706,0.9999750256538391,0.4326404929161072,0.5294691324234009,0.9960244297981262,0.5151450634002686,0.5598530769348145,0.987294614315033,0.4695185422897339,0.46686720848083496,0.9999722242355347,0.4524777829647064,0.5370354056358337,0.7545236349105835,0.47950640320777893,0.6078178882598877,0.9423921704292297
38,1.2666666666666666,1,left,85.74877963582304,85.73432136776839,,0.46380293369293213,0.4620554447174072,0.9999761581420898,0.432968407869339,0.5294796228408813,0.9960989952087402,0.5150330662727356,0.559876024723053,0.987403392791748,0.4703940451145172,0.46694737672805786,0.9999737739562988,0.4524598717689514,0.5370821356773376,0.7493329048156738,0.4795164465904236,0.6079038381576538,0.9429035186767578
39,1.3,1,left,85.85175614909036,85.74877963582304,,0.46386539936065674,0.4622395932674408,0.9999769926071167,0.4332311451435089,0.5294982194900513,0.9961422681808472,0.5154692530632019,0.5599836111068726,0.9873400926589966,0.47079750895500183,0.46697697043418884,0.9999750256538391,0.45242470502853394,0.5370859503746033,0.7453116178512573,0.47970882058143616,0.6079081892967224,0.942617654800415
40,1.3333333333333333,1,left,85.73432136776839,85.85175614909036,,0.464122474193573,0.46243762969970703,0.999978244304657,0.4333547353744507,0.529344916343689,0.9963549971580505,0.51570725440979,0.5600205659866333,0.987951397895813,0.47148600220680237,0.4670683443546295,0.9999766945838928,0.45238688588142395,0.537187933921814,0.7468263506889343,0.47991499304771423,0.6079434752464294,0.9440397620201111
41,1.3666666666666667,1,left,85.87376562319523,85.87376562319523,,0.4642636179924011,0.46245449781417847,0.9999794960021973,0.4334743618965149,0.5293365716934204,0.9964964985847473,0.5157456994056702,0.5602485537528992,0.9884098768234253,0.47319144010543823,0.46711745858192444,0.9999781250953674,0.45235586166381836,0.5371991991996765,0.7430492043495178,0.48018521070480347,0.6079780459403992,0.9441278576850891
42,1.4,1,left,86.31518199397425,85.87376562319523,,0.46442553400993347,0.4624679684638977,0.9999803304672241,0.43341609835624695,0.5295003652572632,0.9965784549713135,0.5168546438217163,0.5617645978927612,0.9888126850128174,0.47374385595321655,0.46715623140335083,0.9999789595603943,0.4520862400531769,0.5372086763381958,0.7395250797271729,0.48018959164619446,0.6081395149230957,0.9436630010604858
43,1.4333333333333333,1,left,86.56447190205559,86.19274579401568,,0.46472951769828796,0.46284040808677673,0.9999806880950928,0.433972030878067,0.5296327471733093,0.9965180158615112,0.5180480480194092,0.5623961687088013,0.9886772632598877,0.4740464389324188,0.46717190742492676,0.9999794960021973,0.4520851969718933,0.5372294187545776,0.7367658615112305,0.4801996350288391,0.6083021759986877,0.942187488079071
44,1.4666666666666666,1,left,85.34090344998589,86.31518199397425,,0.4653758406639099,0.4642472267150879,0.9999812841415405,0.43399909138679504,0.5299668908119202,0.9964823126792908,0.5187249779701233,0.5622566342353821,0.9885972142219543,0.4754328429698944,0.4676603674888611,0.9999802112579346,0.451785683631897,0.5372373461723328,0.7341223955154419,0.4802485406398773,0.6083419919013977,0.9404624700546265
45,1.5,1,left,86.19274579401568,86.39579844135108,,0.4660803973674774,0.46551018953323364,0.9999818205833435,0.43625831604003906,0.5303063988685608,0.9962561726570129,0.524786651134491,0.5641239881515503,0.9883924126625061,0.4771418571472168,0.4683842658996582,0.9999803900718689,0.4511456787586212,0.5372639894485474,0.7329105734825134,0.48024922609329224,0.6084310412406921,0.9380446076393127
46,1.5333333333333334,1,left,86.39579844135108,86.39579844135108,,0.46746140718460083,0.4659588932991028,0.9999821186065674,0.4384367763996124,0.5314897894859314,0.996155858039856,0.5284417271614075,0.5647569894790649,0.9885974526405334,0.4792497456073761,0.4686054587364197,0.9999802708625793,0.4507233500480652,0.5373298525810242,0.7328145503997803,0.48025619983673096,0.6084567308425903,0.9359012246131897
47,1.5666666666666667,1,left,86.94661865785037,86.94661865785037,,0.4694438874721527,0.46696457266807556,0.9999811053276062,0.44174206256866455,0.5316574573516846,0.9957734942436218,0.5334483981132507,0.5652670860290527,0.988837480545044,0.4793352484703064,0.4692152142524719,0.9999790787696838,0.4487043619155884,0.537032961845398,0.7410308122634888,0.4795880913734436,0.6072255373001099,0.9357764720916748
48,1.6,1,left,89.49474954464598,86.94661865785037,,0.4724924862384796,0.46920889616012573,0.9999793171882629,0.4485369324684143,0.5345550775527954,0.9957040548324585,0.53779536485672,0.5663866996765137,0.9894107580184937,0.4789853096008301,0.4719087481498718,0.999975860118866,0.44665032625198364,0.537240207195282,0.7538624405860901,0.4788864552974701,0.6067534685134888,0.9372134208679199
49,1.6333333333333333,1,left,87.83170036530763,86.94661865785037,,0.47302210330963135,0.47003522515296936,0.9999781847000122,0.4483354985713959,0.5367854833602905,0.9957011938095093,0.5391924977302551,0.5665310621261597,0.9900233745574951,0.47875547409057617,0.4730578362941742,0.9999732971191406,0.4465133547782898,0.5373498201370239,0.7621650099754333,0.4773351848125458,0.6051908731460571,0.9385167360305786
50,1.6666666666666667,1,left,83.15415163013857,83.15415163013857,,0.478367418050766,0.47162050008773804,0.9999787211418152,0.4493539035320282,0.5398650169372559,0.9959103465080261,0.5431549549102783,0.5670927166938782,0.99078768491745,0.4785495698451996,0.47717875242233276,0.9999728798866272,0.44313037395477295,0.5380948781967163,0.7741475105285645,0.4764572083950043,0.6038299798965454,0.9407690763473511
51,1.7,1,left,82.09404033939778,82.09404033939778,,0.48090314865112305,0.47483521699905396,0.9999784231185913,0.45010554790496826,0.539431095123291,0.9957679510116577,0.5483781695365906,0.5705759525299072,0.9912230968475342,0.4792250990867615,0.48096194863319397,0.9999703168869019,0.4425871670246124,0.5399848222732544,0.7791834473609924,0.47654563188552856,0.6037842631340027,0.9395252466201782
52,1.7333333333333334,1,left,80.84152768651423,80.84152768651423,,0.48266205191612244,0.47812485694885254,0.9999792575836182,0.4520018398761749,0.5411962270736694,0.9959102869033813,0.5505778789520264,0.570895791053772,0.9918968677520752,0.4790796935558319,0.4846171438694,0.9999700784683228,0.4395604431629181,0.5433057546615601,0.7883936762809753,0.476564884185791,0.6041847467422485,0.9418413043022156
53,1.7666666666666666,1,left,80.14782351428708,80.84152768651423,,0.48257124423980713,0.4806625247001648,0.9999804496765137,0.4528108239173889,0.5421535968780518,0.9960673451423645,0.5526441335678101,0.5707310438156128,0.9924942851066589,0.4793558120727539,0.4868246614933014,0.9999702572822571,0.4388013482093811,0.5464910268783569,0.7919180393218994,0.4766060411930084,0.604312539100647,0.9422136545181274
54,1.8,1,left,78.86734304602624,80.14782351428708,,0.4829018712043762,0.4840928912162781,0.9999817609786987,0.45496422052383423,0.5474156737327576,0.9962427020072937,0.5571279525756836,0.5703908205032349,0.9930812120437622,0.4794923961162567,0.48876723647117615,0.9999708533287048,0.4389941990375519,0.5475075244903564,0.7947209477424622,0.4764057993888855,0.604097306728363,0.9429717063903809
55,1.8333333333333333,1,left,83.4327071155516,78.86734304602624,,0.48312681913375854,0.4852558970451355,0.999983012676239,0.46184927225112915,0.5494199991226196,0.9965165853500366,0.5614433884620667,0.5701878666877747,0.9936708211898804,0.4795723855495453,0.491116464138031,0.9999712109565735,0.43812304735183716,0.5490832328796387,0.7960190773010254,0.4756382703781128,0.603839099407196,0.9428355097770691
56,1.8666666666666667,1,left,77.99658407147508,77.99658407147508,,0.48256349563598633,0.4902765154838562,0.9999844431877136,0.45949825644493103,0.5573197603225708,0.99677973985672,0.5633533596992493,0.5700377225875854,0.9942511320114136,0.4816160202026367,0.4933857321739197,0.9999729990959167,0.43690845370292664,0.5513234734535217,0.796073853969574,0.4748924970626831,0.6033570766448975,0.943943440914154
57,1.9,1,left,76.99681637554586,77.99658407147508,,0.48223093152046204,0.4940454959869385,0.9999858140945435,0.4609089195728302,0.5621716976165771,0.9970603585243225,0.5667721629142761,0.5702724456787109,0.9947978854179382,0.48210155963897705,0.49713706970214844,0.9999748468399048,0.43254145979881287,0.5505825877189636,0.796059787273407,0.47474735975265503,0.6032713055610657,0.9452908635139465
58,1.9333333333333333,1,left,76.12109627448959,77.99658407147508,,0.48231345415115356,0.49901801347732544,0.9999871850013733,0.4635370969772339,0.5691316723823547,0.9973200559616089,0.5683430433273315,0.5711679458618164,0.9953012466430664,0.4857412278652191,0.5006507039070129,0.9999770522117615,0.4299237132072449,0.5506413578987122,0.7916280627250671,0.4735027551651001,0.6030355095863342,0.9474307894706726
59,1.9666666666666666,1,left,83.63276751086302,81.14591528367052,,0.48391419649124146,0.5024963617324829,0.9999882578849792,0.473996102809906,0.5679541826248169,0.9975043535232544,0.5697511434555054,0.5717141032218933,0.9957394599914551,0.4899141192436218,0.5042754411697388,0.9999786615371704,0.4311627447605133,0.5605782270431519,0.7753632664680481,0.47318756580352783,0.6030734181404114,0.9472679495811462
60,2.0,1,left,100.93583594282879,83.63276751086302,,0.4854208827018738,0.5043138265609741,0.9999870657920837,0.44374707341194153,0.5636277794837952,0.9957368969917297,0.47932472825050354,0.6005050539970398,0.9956815242767334,0.49079057574272156,0.508855402469635,0.9999788999557495,0.4766410291194916,0.5757774710655212,0.7845403552055359,0.5647249817848206,0.5776990652084351,0.9499660730361938
61,2.033333333333333,1,left,81.14591528367052,83.63276751086302,,0.4856027364730835,0.5092949867248535,0.9999876022338867,0.44691720604896545,0.5725055932998657,0.9952192306518555,0.5040099620819092,0.5962861776351929,0.9956544041633606,0.4923538565635681,0.5118386149406433,0.9999803304672241,0.4692456126213074,0.5729923844337463,0.7834469079971313,0.5479874014854431,0.5750570297241211,0.9498778581619263
62,2.066666666666667,1,left,91.94610893113747,82.75006684716973,,0.48737895488739014,0.5129175186157227,0.9999874234199524,0.4479299783706665,0.5747519135475159,0.994601309299469,0.48223912715911865,0.59831702709198,0.9956221580505371,0.4939439594745636,0.5135935544967651,0.9999812245368958,0.4706176519393921,0.5714119672775269,0.7843844294548035,0.5498335361480713,0.5746139287948608,0.9512957334518433
63,2.1,1,left,78.51170850491825,82.75006684716973,,0.4884447455406189,0.5157478451728821,0.9999877214431763,0.44848358631134033,0.5787440538406372,0.9943970441818237,0.49721798300743103,0.5973542928695679,0.9956476092338562,0.4946020543575287,0.5150904655456543,0.9999825358390808,0.47065773606300354,0.5699781179428101,0.7895045280456543,0.5474770069122314,0.5739039182662964,0.9536958336830139
64,2.1333333333333333,1,left,82.75006684716973,82.86860557902865,,0.4903903305530548,0.5189740061759949,0.9999886751174927,0.4770703613758087,0.5815918445587158,0.9948432445526123,0.5623547434806824,0.5886918306350708,0.9960184693336487,0.4964745342731476,0.51614910364151,0.999983549118042,0.4497741758823395,0.5682991743087769,0.7737940549850464,0.4842335879802704,0.5982838273048401,0.9533365368843079
65,2.1666666666666665,1,left,86.33959254638627,82.75006684716973,,0.49198004603385925,0.5205866098403931,0.9999895691871643,0.48538124561309814,0.5826018452644348,0.9951770305633545,0.5723472237586975,0.5862671136856079,0.9963061213493347,0.49565139412879944,0.517199695110321,0.999984622001648,0.4460415244102478,0.5701818466186523,0.7527837157249451,0.4743000566959381,0.6048347353935242,0.9513018727302551
66,2.2,1,left,82.86860557902865,82.75006684716973,,0.49266517162323,0.5214644074440002,0.9999904036521912,0.4837784767150879,0.5846949219703674,0.9954639077186584,0.5731735229492188,0.5860505700111389,0.9965692758560181,0.4975171387195587,0.5183189511299133,0.9999855756759644,0.446114182472229,0.5762849450111389,0.7278591990470886,0.48639968037605286,0.6067422032356262,0.9494408965110779
67,2.2333333333333334,1,left,78.61721332942206,78.61721332942206,,0.49392688274383545,0.5245223045349121,0.9999911189079285,0.4806240499019623,0.5836566686630249,0.9957600831985474,0.5774646401405334,0.585846483707428,0.9968008399009705,0.4972221255302429,0.521107017993927,0.9999859929084778,0.44665926694869995,0.5775619149208069,0.7144955992698669,0.47481679916381836,0.6055632829666138,0.9485202431678772
68,2.2666666666666666,1,left,64.29140360815958,76.82441669470121,,0.4938000738620758,0.5242592692375183,0.9999917149543762,0.46282854676246643,0.581257700920105,0.995402455329895,0.5540503263473511,0.5857350826263428,0.9966569542884827,0.4967100918292999,0.5238696336746216,0.9999867677688599,0.4713769555091858,0.5929967761039734,0.7127823233604431,0.5237667560577393,0.604451060295105,0.9502189755439758
69,2.3,1,left,76.31573026402471,76.82441669470121,,0.4947134554386139,0.5269907116889954,0.9999924302101135,0.48041027784347534,0.5857535600662231,0.9957558512687683,0.5778288245201111,0.5857464075088501,0.9968385696411133,0.4963812828063965,0.5257409811019897,0.9999874830245972,0.4554595649242401,0.5877845883369446,0.6999276876449585,0.4790683090686798,0.6055873036384583,0.9485440254211426
70,2.3333333333333335,1,left,76.82441669470121,76.61095842543561,,0.4954635202884674,0.5282578468322754,0.999993085861206,0.4858328402042389,0.5943242311477661,0.9960554838180542,0.5829390287399292,0.5860303044319153,0.9970025420188904,0.4964960515499115,0.5269119739532471,0.9999880790710449,0.447625070810318,0.5865741968154907,0.6761084198951721,0.47522658109664917,0.6057952046394348,0.9434421062469482
71,2.3666666666666667,1,left,77.30839163860941,76.66855726925046,,0.49565237760543823,0.5287673473358154,0.9999936819076538,0.48874378204345703,0.5986837148666382,0.9963351488113403,0.5854246616363525,0.586729884147644,0.9971297383308411,0.49692773818969727,0.5250322818756104,0.9999887347221375,0.4455769658088684,0.5860995054244995,0.6516180038452148,0.4744364619255066,0.6056019067764282,0.9385973215103149
72,2.4,1,left,76.61095842543561,76.66855726925046,,0.4970167279243469,0.5302535891532898,0.9999942779541016,0.49065446853637695,0.601222813129425,0.9966432452201843,0.5881938338279724,0.5870519876480103,0.9972689747810364,0.4975880980491638,0.5251623392105103,0.9999895095825195,0.4365265667438507,0.5667683482170105,0.6282691955566406,0.47122618556022644,0.6052162051200867,0.9349287152290344
73,2.433333333333333,1,left,76.66855726925046,76.61095842543561,,0.4984692335128784,0.5312784910202026,0.9999947547912598,0.4929004907608032,0.6028342843055725,0.9969215989112854,0.5901860594749451,0.5876320600509644,0.99740070104599,0.4977456033229828,0.525937020778656,0.9999899864196777,0.4358291029930115,0.5640436410903931,0.6126375198364258,0.4719425141811371,0.604729413986206,0.9324313998222351
74,2.466666666666667,1,left,75.82813337361928,75.82813337361928,,0.499271422624588,0.5311626195907593,0.999995231628418,0.4923064112663269,0.6031439304351807,0.9971567392349243,0.5915430784225464,0.5880559682846069,0.9975011944770813,0.4981832802295685,0.52751225233078,0.9999903440475464,0.436439573764801,0.563780665397644,0.5968334078788757,0.4729168117046356,0.6045135259628296,0.9292525053024292
75,2.5,1,left,74.31927973653103,75.00819833495433,,0.4998147189617157,0.5312449336051941,0.9999956488609314,0.4905141294002533,0.6029624342918396,0.9973430037498474,0.591174304485321,0.5882927179336548,0.9975637793540955,0.4989476203918457,0.5284563302993774,0.9999906420707703,0.4339578449726105,0.5627340078353882,0.5820257663726807,0.474396288394928,0.6042473912239075,0.9250360727310181
76,2.533333333333333,1,left,74.68742608906074,75.00819833495433,,0.5006809830665588,0.530802845954895,0.9999960660934448,0.4923573434352875,0.6036509275436401,0.9975438714027405,0.5908549427986145,0.588412880897522,0.9976499676704407,0.49883076548576355,0.528387188911438,0.999991238117218,0.43334442377090454,0.5623462200164795,0.5737475156784058,0.4734748899936676,0.6041022539138794,0.9228155016899109
77,2.566666666666667,1,left,75.00819833495433,74.68742608906074,,0.5013018846511841,0.5302250385284424,0.9999963641166687,0.4939538240432739,0.6041552424430847,0.9977302551269531,0.5894842147827148,0.5884846448898315,0.9977196455001831,0.49768543243408203,0.5286699533462524,0.9999914765357971,0.4305422604084015,0.5623680353164673,0.5634809136390686,0.4723292291164398,0.6039836406707764,0.9207145571708679
78,2.6,1,left,76.04367036856826,74.68742608906074,,0.5017029047012329,0.5298475027084351,0.9999966621398926,0.4956780672073364,0.6038991212844849,0.9979090094566345,0.5899682641029358,0.5884500741958618,0.997759997844696,0.49719884991645813,0.5284534692764282,0.9999917149543762,0.43030911684036255,0.561025857925415,0.5606345534324646,0.4714180827140808,0.6037342548370361,0.9194088578224182
79,2.6333333333333333,1,left,74.27667551058882,74.27667551058882,,0.5016792416572571,0.5287584066390991,0.9999969601631165,0.49445560574531555,0.6037601232528687,0.9979934692382812,0.5878785252571106,0.5869137048721313,0.9977115988731384,0.49726149439811707,0.5289111733436584,0.999992311000824,0.4445379674434662,0.5701595544815063,0.5651788711547852,0.4721965491771698,0.6036365628242493,0.9198402762413025
80,2.6666666666666665,1,left,73.96253923938436,74.27667551058882,,0.5015042424201965,0.5286476612091064,0.9999971389770508,0.4938306212425232,0.602684497833252,0.9981245398521423,0.591320276260376,0.585283637046814,0.9977967739105225,0.4971850514411926,0.5287908315658569,0.9999921917915344,0.4387592673301697,0.5658901333808899,0.560592770576477,0.4727412760257721,0.6036443114280701,0.9196192026138306
81,2.7,1,left,73.52364749565434,73.96253923938436,,0.5011851191520691,0.5284487009048462,0.9999973177909851,0.4852854311466217,0.5902894735336304,0.9981727004051208,0.582200288772583,0.5868077278137207,0.9978175759315491,0.4982648193836212,0.5260844826698303,0.9999924898147583,0.451133131980896,0.5676076412200928,0.5594192147254944,0.4729088544845581,0.604080080986023,0.9216935038566589
82,2.7333333333333334,1,left,76.04965731085925,73.96253923938436,,0.5011292099952698,0.5276471376419067,0.9999973773956299,0.4887959361076355,0.591681718826294,0.9982981085777283,0.5861285924911499,0.5864981412887573,0.9979061484336853,0.49741554260253906,0.5236492156982422,0.9999919533729553,0.44209563732147217,0.5612552165985107,0.5675015449523926,0.4721555709838867,0.60409015417099,0.9254856705665588
83,2.7666666666666666,1,left,66.62478832968978,74.58155367109538,,0.5010734796524048,0.5255740880966187,0.9999973773956299,0.47265011072158813,0.5802034735679626,0.9982671737670898,0.5632754564285278,0.5867194533348083,0.9978168606758118,0.4972878694534302,0.5233703255653381,0.999991774559021,0.4654187858104706,0.567924976348877,0.5852033495903015,0.5041281580924988,0.6021118760108948,0.9303869009017944
84,2.8,1,left,74.58155367109538,76.04965731085925,,0.5009912252426147,0.5226168632507324,0.9999754428863525,0.4341283440589905,0.556857705116272,0.9958639740943909,0.47631704807281494,0.6028410792350769,0.9972178339958191,0.49728304147720337,0.522313117980957,0.9999777674674988,0.4885563850402832,0.586678683757782,0.6166650652885437,0.5768436789512634,0.5867325067520142,0.93526291847229
85,2.8333333333333335,1,left,78.33062462450518,78.33062462450518,,0.49946197867393494,0.5189321637153625,0.9999459385871887,0.4316750764846802,0.5516444444656372,0.9943706393241882,0.47245022654533386,0.6049179434776306,0.9968909025192261,0.4972947835922241,0.5206514000892639,0.9999618530273438,0.4886862635612488,0.5890362858772278,0.6512957811355591,0.5821444988250732,0.584053635597229,0.939933180809021
86,2.8666666666666667,1,left,79.16305209815297,79.16305209815297,,0.497440367937088,0.5156552791595459,0.9999232292175293,0.43146803975105286,0.555902361869812,0.992584228515625,0.4762355089187622,0.6052348017692566,0.9965927600860596,0.4955492317676544,0.5153277516365051,0.9999440312385559,0.48007872700691223,0.588866114616394,0.6700923442840576,0.5629355311393738,0.5862113237380981,0.9422356486320496
87,2.9,1,left,87.03279393845744,81.31512245628348,,0.4948774576187134,0.5114940404891968,0.9999153017997742,0.43269142508506775,0.5535039901733398,0.9916460514068604,0.47211354970932007,0.6058031320571899,0.9965507388114929,0.4935253858566284,0.5133018493652344,0.99993497133255,0.4767126142978668,0.5867953896522522,0.6910788416862488,0.5641993880271912,0.5825123190879822,0.9445614218711853
88,2.933333333333333,1,left,91.08274872919175,87.03279393845744,,0.49513038992881775,0.5089784860610962,0.9999003410339355,0.4364575147628784,0.5537095069885254,0.9901247024536133,0.47521403431892395,0.606589138507843,0.9962795376777649,0.49027833342552185,0.5121389627456665,0.9999213218688965,0.47440478205680847,0.581985354423523,0.7065054774284363,0.5675492882728577,0.580065906047821,0.945223867893219
89,2.966666666666667,1,left,81.31512245628348,87.03279393845744,,0.4951074421405792,0.5052376985549927,0.9999070763587952,0.4716571271419525,0.5563696026802063,0.9909947514533997,0.5628940463066101,0.5824494361877441,0.9965932369232178,0.4844420850276947,0.5086888670921326,0.9999117255210876,0.4383544325828552,0.5593996047973633,0.7109917998313904,0.4859983026981354,0.5943609476089478,0.9438121914863586
90,3.0,1,left,89.85550647115538,89.85550647115538,,0.49522802233695984,0.5001288652420044,0.9999150633811951,0.48101815581321716,0.5521571040153503,0.9918189644813538,0.5713788270950317,0.5765915513038635,0.9968437552452087,0.478341281414032,0.5073140263557434,0.9999139904975891,0.42844337224960327,0.5511423349380493,0.7222257852554321,0.4746982157230377,0.5983203649520874,0.9437976479530334
91,3.033333333333333,1,left,85.52246611821472,89.85550647115538,,0.4947759807109833,0.49630314111709595,0.9999217987060547,0.4764198958873749,0.5499422550201416,0.9924847483634949,0.5683864951133728,0.5735794901847839,0.9970696568489075,0.479490727186203,0.5018006563186646,0.9999155402183533,0.43096908926963806,0.5506551265716553,0.7288952469825745,0.47531482577323914,0.5977064371109009,0.9430716037750244
92,3.066666666666667,1,left,97.22525755444275,97.22525755444275,,0.4914841949939728,0.49204021692276,0.9999181628227234,0.459020733833313,0.5477148294448853,0.9914999604225159,0.509955883026123,0.5867583751678467,0.9967193603515625,0.47657468914985657,0.4999830722808838,0.9999128580093384,0.4623934328556061,0.5541480183601379,0.74481201171875,0.5520436763763428,0.5755298733711243,0.9439231753349304
93,3.1,1,left,114.6638073517159,97.22525755444275,,0.48804476857185364,0.4897880554199219,0.9999045133590698,0.44425860047340393,0.5499521493911743,0.9874707460403442,0.47476908564567566,0.6043437719345093,0.9960064888000488,0.47862309217453003,0.49624982476234436,0.9998940825462341,0.47359710931777954,0.5562959909439087,0.7538502812385559,0.5604773163795471,0.5736136436462402,0.9406132698059082
94,3.1333333333333333,1,left,111.34127740454197,100.29720325505711,,0.48526236414909363,0.48765820264816284,0.9998974204063416,0.4485847055912018,0.5498353242874146,0.9864875674247742,0.4886270761489868,0.6008614301681519,0.995698869228363,0.47579678893089294,0.49398595094680786,0.9998813271522522,0.47056108713150024,0.5552518367767334,0.757766842842102,0.5573080778121948,0.5722655653953552,0.9346790909767151
95,3.1666666666666665,1,left,95.07493369482121,100.29720325505711,,0.485055536031723,0.4848534166812897,0.9999060034751892,0.47006145119667053,0.5439263582229614,0.9874559640884399,0.5529211759567261,0.5729712843894958,0.9959068298339844,0.4755963385105133,0.49193063378334045,0.999885082244873,0.44613200426101685,0.5490057468414307,0.7555984258651733,0.4829038381576538,0.5978552103042603,0.9309744238853455
96,3.2,1,left,100.29720325505711,95.07493369482121,,0.4854753315448761,0.4820839464664459,0.9999144077301025,0.47789984941482544,0.5435126423835754,0.9885104298591614,0.5608259439468384,0.5693849325180054,0.9961965680122375,0.47467657923698425,0.4881907105445862,0.999889075756073,0.44089025259017944,0.5470743775367737,0.7544736266136169,0.47563159465789795,0.6032751798629761,0.9313138127326965
97,3.2333333333333334,1,left,93.54036421331556,93.54036421331556,,0.4861070513725281,0.48074451088905334,0.9999223351478577,0.47437965869903564,0.5457839369773865,0.9895181655883789,0.5640601515769958,0.567747950553894,0.9964459538459778,0.4742274880409241,0.487459272146225,0.9998937845230103,0.4402724802494049,0.546990156173706,0.7548245787620544,0.47506409883499146,0.6044294238090515,0.931800127029419
98,3.2666666666666666,1,left,91.29718269086462,91.29718269086462,,0.48644962906837463,0.4795163571834564,0.9999287724494934,0.4725842773914337,0.5464444756507874,0.990381121635437,0.5597731471061707,0.5665759444236755,0.9966149926185608,0.47322094440460205,0.48687633872032166,0.9998980164527893,0.44142836332321167,0.5461644530296326,0.7652267217636108,0.476264625787735,0.6038894057273865,0.9352437853813171
99,3.3,1,left,90.33978483777096,90.51971208942147,,0.48626765608787537,0.477570116519928,0.9999344944953918,0.4714452922344208,0.5447972416877747,0.9911099672317505,0.5567910075187683,0.5641458630561829,0.9966923594474792,0.47241494059562683,0.48530927300453186,0.9999026656150818,0.4422420561313629,0.5445119738578796,0.7767123579978943,0.4774878919124603,0.6027688384056091,0.9385302066802979
100,3.3333333333333335,1,left,88.05748370330433,90.51971208942147,,0.4861501157283783,0.4749039113521576,0.9999396204948425,0.4688960909843445,0.5435100793838501,0.9916602969169617,0.5573548674583435,0.562593936920166,0.9966179728507996,0.4719456732273102,0.483350932598114,0.9999067187309265,0.44257643818855286,0.5429052114486694,0.7838966846466064,0.47835537791252136,0.602928638458252,0.9408324956893921
101,3.3666666666666667,1,left,90.51971208942147,90.33978483777096,,0.4852670729160309,0.4732958674430847,0.9999423027038574,0.46821776032447815,0.5400097370147705,0.9918744564056396,0.5578106045722961,0.5637737512588501,0.9961513876914978,0.4720124900341034,0.48107847571372986,0.9999046921730042,0.44297587871551514,0.5422994494438171,0.7829470634460449,0.4787139594554901,0.6039549112319946,0.9395664930343628
102,3.4,1,left,90.92580622932502,88.92955255850467,,0.48279693722724915,0.4714927673339844,0.999945342540741,0.4657694697380066,0.5381287336349487,0.9920597076416016,0.555789053440094,0.5626875162124634,0.9954960346221924,0.4699440598487854,0.4802348017692566,0.9999071359634399,0.4431398808956146,0.5418741703033447,0.7833444476127625,0.47898948192596436,0.6045063138008118,0.9393003582954407
103,3.433333333333333,1,left,86.47646545951052,90.51971208942147,,0.48039737343788147,0.4702080190181732,0.9999427199363708,0.4595520794391632,0.5380544066429138,0.9920188188552856,0.5554428696632385,0.5611742734909058,0.9946391582489014,0.47050178050994873,0.4766569137573242,0.9999051094055176,0.4473060369491577,0.5395277142524719,0.7773849368095398,0.4788564443588257,0.6047998666763306,0.9360146522521973
104,3.466666666666667,1,left,88.92955255850467,90.92580622932502,,0.4778479337692261,0.46848076581954956,0.9999417066574097,0.4586334228515625,0.535747766494751,0.992270290851593,0.555335283279419,0.5614262819290161,0.9945533871650696,0.4706600606441498,0.47317156195640564,0.9999035596847534,0.4496285021305084,0.5380619764328003,0.7799696326255798,0.47782567143440247,0.604561448097229,0.9366022944450378
105,3.5,1,left,90.93452005288569,90.93452005288569,,0.47553378343582153,0.46649089455604553,0.9999368786811829,0.4571016728878021,0.5335118770599365,0.9921110272407532,0.5522909760475159,0.5613685250282288,0.9936660528182983,0.46945685148239136,0.4717581868171692,0.9998965859413147,0.45200011134147644,0.5365616679191589,0.7749572992324829,0.4781193137168884,0.6045867800712585,0.9334118366241455
106,3.533333333333333,1,left,92.31191431887008,90.93452005288569,,0.47447606921195984,0.4638519287109375,0.999936580657959,0.45646849274635315,0.533237874507904,0.9922944903373718,0.5474042296409607,0.5607982873916626,0.9930054545402527,0.4661988615989685,0.47060298919677734,0.9999009370803833,0.45185381174087524,0.5367352962493896,0.7767127752304077,0.47868892550468445,0.6049331426620483,0.9342470765113831
107,3.566666666666667,1,left,91.80504410740816,90.93452005288569,,0.4730072021484375,0.46415701508522034,0.9999356865882874,0.45506802201271057,0.5327548384666443,0.9922398924827576,0.5428547263145447,0.558692455291748,0.9906136393547058,0.4653509259223938,0.47059980034828186,0.9999056458473206,0.45218756794929504,0.5368188619613647,0.7768095135688782,0.47838094830513,0.6053277850151062,0.9333234429359436
108,3.6,1,left,87.84720738601928,89.5066818372128,,0.47201603651046753,0.46397560834884644,0.9999368786811829,0.45009252429008484,0.5290385484695435,0.9923061728477478,0.528877854347229,0.5523293018341064,0.9875365495681763,0.4658255875110626,0.4695571959018707,0.9999121427536011,0.4521622359752655,0.5365741848945618,0.7805241346359253,0.47819188237190247,0.6056762933731079,0.9345804452896118
109,3.6333333333333333,1,left,89.5066818372128,87.84720738601928,,0.4696851074695587,0.4645947813987732,0.9999327063560486,0.4499502182006836,0.5303069353103638,0.9922158122062683,0.5291648507118225,0.5533552765846252,0.9855256080627441,0.4656664729118347,0.46979743242263794,0.999916136264801,0.4521155059337616,0.5367799401283264,0.7856417894363403,0.4785357713699341,0.6067632436752319,0.9362553358078003
110,3.6666666666666665,1,left,87.66413257314044,87.84720738601928,,0.4695974588394165,0.4636651873588562,0.9999333620071411,0.4479300379753113,0.5302129983901978,0.9921457171440125,0.5277577042579651,0.552649974822998,0.983708918094635,0.46597549319267273,0.46917954087257385,0.9999212622642517,0.4509045481681824,0.5363955497741699,0.7859707474708557,0.47872695326805115,0.6072021722793579,0.9365837574005127
111,3.7,1,left,87.67948754979857,87.67948754979857,,0.4689091145992279,0.46311140060424805,0.9999313950538635,0.4470430612564087,0.5298008322715759,0.9921474456787109,0.5269861817359924,0.5524717569351196,0.9823181629180908,0.4641847312450409,0.4691142141819,0.9999243021011353,0.4501727223396301,0.5362259745597839,0.7871665954589844,0.4789166748523712,0.6076468229293823,0.9374899864196777
112,3.7333333333333334,1,left,89.05405836319304,87.66413257314044,,0.46671733260154724,0.4626277983188629,0.9999305605888367,0.4461832642555237,0.5300253629684448,0.9920418858528137,0.5242548584938049,0.552409827709198,0.9804688692092896,0.4611506164073944,0.4687580466270447,0.9999276995658875,0.4493147134780884,0.5364019274711609,0.7841452956199646,0.47896772623062134,0.6078152656555176,0.9374511241912842
113,3.7666666666666666,1,left,87.44678745594186,87.44678745594186,,0.4644227623939514,0.4626958966255188,0.999934196472168,0.44252195954322815,0.5299057960510254,0.9922775030136108,0.5236934423446655,0.5524095296859741,0.9798280596733093,0.4617878794670105,0.468769371509552,0.9999333024024963,0.44936326146125793,0.5363941192626953,0.7816765904426575,0.4790528118610382,0.6081942915916443,0.9385165572166443
114,3.8,1,left,84.19333345213269,84.19333345213269,,0.4625820815563202,0.4629245698451996,0.9999349117279053,0.43898093700408936,0.5295822024345398,0.9922738075256348,0.520122230052948,0.5493482351303101,0.9787834286689758,0.46227777004241943,0.46831822395324707,0.9999381899833679,0.45090389251708984,0.5364973545074463,0.7792789340019226,0.47968021035194397,0.6083356738090515,0.939895510673523
115,3.8333333333333335,1,left,81.19712783057969,81.59559214964588,,0.46245890855789185,0.46320247650146484,0.9999359250068665,0.4368753731250763,0.5295799374580383,0.9923035502433777,0.5186542272567749,0.5473732948303223,0.9778028130531311,0.46252724528312683,0.4686555862426758,0.9999426007270813,0.45077985525131226,0.5365204811096191,0.7798879742622375,0.4797472655773163,0.608420729637146,0.9412304759025574
116,3.8666666666666667,1,left,81.59559214964588,81.38158516187353,,0.46148112416267395,0.46330317854881287,0.9999381899833679,0.43579694628715515,0.5297442674636841,0.9923176169395447,0.518573522567749,0.5484452843666077,0.9772641062736511,0.46257105469703674,0.4687231183052063,0.9999470710754395,0.4507623612880707,0.5365322828292847,0.7798190116882324,0.4798489212989807,0.6084280610084534,0.9424105882644653
117,3.9,1,left,81.38158516187353,81.19712783057969,,0.46059268712997437,0.4634617865085602,0.9999405741691589,0.4344010651111603,0.52983558177948,0.9923500418663025,0.5172823667526245,0.5488425493240356,0.9767674207687378,0.462604820728302,0.4688025414943695,0.999951183795929,0.4507240056991577,0.536504864692688,0.7807618975639343,0.4799075722694397,0.6084498763084412,0.9434981942176819
118,3.933333333333333,1,left,81.06756697316561,81.26035478087805,,0.45965659618377686,0.4636487066745758,0.99994295835495,0.43294599652290344,0.5298857092857361,0.9924094080924988,0.516198456287384,0.5491515398025513,0.9761436581611633,0.46491819620132446,0.46860581636428833,0.9999548196792603,0.4507850110530853,0.536453366279602,0.7782671451568604,0.4799480140209198,0.6084116697311401,0.943291962146759
119,3.966666666666667,1,left,77.87866829871078,81.26035478087805,,0.45929989218711853,0.4637475609779358,0.9999451637268066,0.4310767352581024,0.529827356338501,0.992608904838562,0.5105802416801453,0.5452904105186462,0.9757290482521057,0.46496859192848206,0.468674898147583,0.9999579787254333,0.4508207440376282,0.5365405678749084,0.7762337923049927,0.47997328639030457,0.6085623502731323,0.9435633420944214
120,4.0,1,left,81.26035478087805,81.26035478087805,,0.4581179618835449,0.46390479803085327,0.9999478459358215,0.43186503648757935,0.5298733115196228,0.9928081631660461,0.5125487446784973,0.5484427809715271,0.9761164784431458,0.4657389521598816,0.46868371963500977,0.9999608397483826,0.4513626992702484,0.5365593433380127,0.7702812552452087,0.47995492815971375,0.6086751222610474,0.9433158040046692
121,4.033333333333333,1,left,82.98195431861627,82.15292756354724,,0.45796504616737366,0.4639376997947693,0.9999505877494812,0.43204230070114136,0.5299080014228821,0.9931452870368958,0.5138229131698608,0.5509575605392456,0.9770593047142029,0.46613839268684387,0.4686579704284668,0.9999634623527527,0.4516928791999817,0.5365754961967468,0.7652352452278137,0.4801085293292999,0.6090087890625,0.9427945613861084
122,4.066666666666666,1,left,82.40681138556458,82.28492284245088,,0.45780909061431885,0.463996559381485,0.9999537467956543,0.43078136444091797,0.5299146771430969,0.9935168623924255,0.5145995616912842,0.551906168460846,0.9782374501228333,0.4664425849914551,0.46868282556533813,0.999966025352478,0.45212891697883606,0.5365837216377258,0.762166440486908,0.48001858592033386,0.6090478897094727,0.9427735805511475
123,4.1,1,left,82.15292756354724,82.37260775119161,,0.4576178193092346,0.4640774130821228,0.9999566078186035,0.4297988712787628,0.5298953652381897,0.9938861131668091,0.5141300559043884,0.5525944232940674,0.979358971118927,0.4668459892272949,0.46869874000549316,0.9999683499336243,0.45247790217399597,0.5366809964179993,0.758855402469635,0.479960173368454,0.6091681718826294,0.9423994421958923
124,4.133333333333334,1,left,82.28492284245088,82.37260775119161,,0.45778587460517883,0.4641713500022888,0.9999595880508423,0.4296477735042572,0.5298234224319458,0.9942413568496704,0.5139463543891907,0.5531771183013916,0.980583906173706,0.46716824173927307,0.46869149804115295,0.9999706745147705,0.4528915584087372,0.5367500185966492,0.7561478018760681,0.4798406660556793,0.6092046499252319,0.9429829120635986
125,4.166666666666667,1,left,82.37260775119161,82.37260775119161,,0.45785486698150635,0.46422863006591797,0.9999622106552124,0.4297819435596466,0.5297462940216064,0.9945154786109924,0.514124870300293,0.5532424449920654,0.9815406799316406,0.4674855172634125,0.46867313981056213,0.9999727010726929,0.4529552161693573,0.5367507934570312,0.7539229393005371,0.47984594106674194,0.6091960668563843,0.9433771371841431
126,4.2,1,left,82.43301147437536,82.43301147437536,,0.45797035098075867,0.4642888605594635,0.9999645948410034,0.4298942983150482,0.5296086072921753,0.9947586059570312,0.5141956210136414,0.5532923340797424,0.9824343323707581,0.46772411465644836,0.4686719477176666,0.9999744892120361,0.45294079184532166,0.5367351770401001,0.7513934373855591,0.4798462986946106,0.6090935468673706,0.943752110004425
127,4.233333333333333,1,left,82.7067862173863,82.43301147437536,,0.4580542743206024,0.46426939964294434,0.9999666213989258,0.4301159083843231,0.5294297933578491,0.9949250817298889,0.5143043994903564,0.5534347891807556,0.9830469489097595,0.46788492798805237,0.468599408864975,0.9999760985374451,0.4530038833618164,0.5367397665977478,0.7521503567695618,0.4798775017261505,0.6091142892837524,0.9446619153022766
128,4.266666666666667,1,left,82.9143398085552,82.43301147437536,,0.45946842432022095,0.4639579653739929,0.9999675154685974,0.4308265149593353,0.5288099646568298,0.9950446486473083,0.5126335024833679,0.5534201860427856,0.9831632375717163,0.4673013389110565,0.46880465745925903,0.9999769926071167,0.4518580436706543,0.536860466003418,0.757042646408081,0.4799002408981323,0.6090892553329468,0.9463052153587341
129,4.3,1,left,82.3584424971678,82.3584424971678,,0.46087151765823364,0.46395236253738403,0.9999681711196899,0.43101200461387634,0.5278710126876831,0.9951141476631165,0.5125239491462708,0.5534121990203857,0.9830079078674316,0.46705374121665955,0.4690500795841217,0.9999778270721436,0.45116356015205383,0.5373154878616333,0.7623671889305115,0.47990188002586365,0.6092089414596558,0.9479004740715027
130,4.333333333333333,1,left,82.18351033308107,82.24890694838801,,0.4614528715610504,0.4639398455619812,0.9999687671661377,0.4310820400714874,0.5277818441390991,0.9952216744422913,0.5117860436439514,0.553421139717102,0.9832277297973633,0.4673159420490265,0.4690416753292084,0.9999783635139465,0.4506389796733856,0.5372537970542908,0.7639967799186707,0.47993096709251404,0.608676552772522,0.9485030174255371
131,4.366666666666666,1,left,81.66728332916999,82.24890694838801,,0.4619212746620178,0.4643782675266266,0.9999691247940063,0.43119677901268005,0.5285683274269104,0.9953556060791016,0.5112186074256897,0.5534086227416992,0.9832794070243835,0.46730437874794006,0.46930354833602905,0.99997878074646,0.4496796429157257,0.5372958183288574,0.7659131288528442,0.4799341559410095,0.6080834865570068,0.94851154088974
132,4.4,1,left,82.24890694838801,82.24890694838801,,0.4626670479774475,0.46509307622909546,0.9999706149101257,0.4326082170009613,0.529485285282135,0.9954816699028015,0.5153552889823914,0.555214524269104,0.9837059378623962,0.46848422288894653,0.46944451332092285,0.999979555606842,0.4496857821941376,0.5373271107673645,0.762627363204956,0.4799202084541321,0.6076984405517578,0.9474613666534424
133,4.433333333333334,1,left,85.04659280821359,85.04659280821359,,0.4639962315559387,0.465771347284317,0.9999708533287048,0.4372912347316742,0.5312601923942566,0.995355486869812,0.5166828632354736,0.5558834075927734,0.983270525932312,0.46844327449798584,0.46981972455978394,0.9999796748161316,0.4451112449169159,0.5372914671897888,0.7672685384750366,0.47953706979751587,0.6070988774299622,0.9477383494377136
134,4.466666666666667,1,left,87.51575487738424,86.25068262053999,,0.46564918756484985,0.4664194583892822,0.9999709129333496,0.4407816529273987,0.5324370861053467,0.995328962802887,0.523753821849823,0.5596466064453125,0.9838054776191711,0.46835723519325256,0.47052472829818726,0.9999790191650391,0.4444195628166199,0.5373822450637817,0.7701588869094849,0.4795209765434265,0.607056200504303,0.9480632543563843
135,4.5,1,left,87.42836609507614,86.25068262053999,,0.46827322244644165,0.4685073494911194,0.9999715685844421,0.4429997503757477,0.5341445207595825,0.9953731298446655,0.5299369096755981,0.5632121562957764,0.9845317602157593,0.46841347217559814,0.4724261164665222,0.9999785423278809,0.44418975710868835,0.5385857224464417,0.7747451663017273,0.47940587997436523,0.6073757410049438,0.9483332633972168
136,4.533333333333333,1,left,86.25068262053999,86.25068262053999,,0.4690893292427063,0.47092634439468384,0.9999725818634033,0.4445294141769409,0.5377357602119446,0.9954500198364258,0.5337439775466919,0.5640517473220825,0.9856671094894409,0.4697904586791992,0.47383251786231995,0.9999781250953674,0.44369611144065857,0.5390773415565491,0.778736412525177,0.47705572843551636,0.6057321429252625,0.9482654333114624
137,4.566666666666666,1,left,84.92067740808115,84.92067740808115,,0.47043123841285706,0.47298064827919006,0.9999721646308899,0.4463512599468231,0.5403100252151489,0.9954893589019775,0.5377205610275269,0.5641099214553833,0.9867439270019531,0.46987995505332947,0.47638726234436035,0.9999760389328003,0.44288817048072815,0.5403174161911011,0.7850663065910339,0.476335346698761,0.6051082611083984,0.9492455720901489
138,4.6,1,left,80.41414594195801,83.39357557390612,,0.4764348864555359,0.4747239053249359,0.9999738335609436,0.44687339663505554,0.5432441830635071,0.9957185387611389,0.5424343347549438,0.5666292309761047,0.9878674745559692,0.4726738929748535,0.4792340397834778,0.999976396560669,0.43687060475349426,0.5408213138580322,0.7947680354118347,0.47475630044937134,0.6040513515472412,0.9504647254943848
139,4.633333333333334,1,left,83.39357557390612,83.39357557390612,,0.4788020849227905,0.4769522547721863,0.9999740719795227,0.45286133885383606,0.5442047119140625,0.9958479404449463,0.546366810798645,0.5683630108833313,0.9888618588447571,0.47267282009124756,0.48277807235717773,0.9999746680259705,0.4332427978515625,0.5423415303230286,0.80262690782547,0.4748096466064453,0.603907585144043,0.9513751864433289
140,4.666666666666667,1,left,82.40097778793101,82.70374579424534,,0.4802045524120331,0.4819936752319336,0.999975860118866,0.4555554687976837,0.5470713973045349,0.9960671663284302,0.5481807589530945,0.5687041282653809,0.9898621439933777,0.4734067916870117,0.48733001947402954,0.9999755024909973,0.43263813853263855,0.5451411008834839,0.8142443895339966,0.47491759061813354,0.6040334105491638,0.9539118409156799
141,4.7,1,left,83.54954082609328,83.39357557390612,,0.48039737343788147,0.48558831214904785,0.9999778866767883,0.45838555693626404,0.5488027334213257,0.9963244795799255,0.5517724752426147,0.5699307918548584,0.9908050894737244,0.4734417796134949,0.4904443621635437,0.999976634979248,0.43222731351852417,0.5475431680679321,0.8234329223632812,0.47526815533638,0.6040998697280884,0.9558895230293274
142,4.733333333333333,1,left,82.70374579424534,82.70374579424534,,0.48254096508026123,0.48986905813217163,0.9999797940254211,0.46190574765205383,0.55308598279953,0.9966087937355042,0.5566406846046448,0.5711258053779602,0.9916771054267883,0.4758150279521942,0.4955298900604248,0.9999777674674988,0.43196627497673035,0.550079882144928,0.8328458666801453,0.475282222032547,0.6039976477622986,0.9577349424362183
143,4.766666666666667,1,left,84.54218730837376,83.54954082609328,,0.48285549879074097,0.4907117784023285,0.9999815821647644,0.4650852382183075,0.5554934740066528,0.996865451335907,0.5615994930267334,0.5723060965538025,0.9924664497375488,0.47650328278541565,0.49728626012802124,0.99997878074646,0.4321346879005432,0.5528498888015747,0.8346683979034424,0.47519347071647644,0.6038624048233032,0.9581930041313171
144,4.8,1,left,80.93964860159267,84.54218730837376,,0.48623690009117126,0.4940076768398285,0.9999833106994629,0.4657127559185028,0.5580388307571411,0.9971414804458618,0.5636715292930603,0.5730497241020203,0.9931935667991638,0.4794107675552368,0.5027325749397278,0.9999802708625793,0.43272364139556885,0.5542399287223816,0.8381341695785522,0.4750531017780304,0.6038902997970581,0.9594783186912537
145,4.833333333333333,1,left,90.24739185683269,87.92907229743679,,0.48612040281295776,0.4985755383968353,0.9999849200248718,0.4763704240322113,0.5596274733543396,0.9973931312561035,0.5656963586807251,0.5742886066436768,0.993853747844696,0.48448124527931213,0.5032895803451538,0.999981701374054,0.43009015917778015,0.5530845522880554,0.8336204290390015,0.4750491678714752,0.6041514277458191,0.9589149355888367
146,4.866666666666666,1,left,88.91787280157554,88.91787280157554,,0.48935699462890625,0.5016092658042908,0.9999863505363464,0.4796507954597473,0.5642285943031311,0.9976146817207336,0.5677198171615601,0.5761810541152954,0.9944461584091187,0.4876749813556671,0.5057896971702576,0.9999830722808838,0.4274921417236328,0.5521427392959595,0.8222713470458984,0.47440391778945923,0.6025099158287048,0.9583564400672913
147,4.9,1,left,87.92907229743679,88.91787280157554,,0.4909170866012573,0.5046555995941162,0.9999871253967285,0.4809776544570923,0.5660251975059509,0.9977819919586182,0.5715140104293823,0.5773483514785767,0.994958221912384,0.4902494549751282,0.5090811252593994,0.9999824166297913,0.4232565760612488,0.5583871006965637,0.8133848309516907,0.4744468033313751,0.6015631556510925,0.9553410410881042
148,4.933333333333334,1,left,89.52259947255973,87.92907229743679,,0.4906366169452667,0.5052284002304077,0.9999880194664001,0.48277923464775085,0.5670239329338074,0.9979434609413147,0.571884036064148,0.5776000618934631,0.9954050779342651,0.49207279086112976,0.5103799104690552,0.9999823570251465,0.4248924255371094,0.5568149089813232,0.8000699281692505,0.47435012459754944,0.6018826961517334,0.9481306672096252
149,4.966666666666667,1,left,85.14385359967474,85.14385359967474,,0.49159231781959534,0.5077871084213257,0.9999887347221375,0.4789411127567291,0.5675544142723083,0.9979990720748901,0.5700088143348694,0.5788902044296265,0.9957988858222961,0.4930405020713806,0.5110334753990173,0.9999822378158569,0.4272020757198334,0.5571159720420837,0.7738068103790283,0.4742235839366913,0.602009654045105,0.942776620388031
150,5.0,1,left,83.28672316453113,83.28672316453113,,0.4923088848590851,0.5109154582023621,0.9999895095825195,0.4783976376056671,0.5686285495758057,0.9980850219726562,0.5688362717628479,0.579474925994873,0.9961521029472351,0.49243468046188354,0.5140891671180725,0.9999825358390808,0.42768287658691406,0.5564383268356323,0.7592231631278992,0.4742192327976227,0.6020866632461548,0.9401731491088867
151,5.033333333333333,1,left,81.34527814536395,81.34527814536395,,0.4924165904521942,0.5145372152328491,0.9999903440475464,0.4771576523780823,0.5708397626876831,0.9980819225311279,0.568129301071167,0.5812193751335144,0.9964196681976318,0.4933878481388092,0.5167683362960815,0.9999836683273315,0.43049848079681396,0.5558582544326782,0.7556367516517639,0.49620968103408813,0.5982304811477661,0.9413638710975647
152,5.066666666666666,1,left,75.68339754077894,81.34527814536395,,0.49474000930786133,0.5164666175842285,0.9999910593032837,0.47718822956085205,0.5808513760566711,0.998124897480011,0.5719932913780212,0.5823938846588135,0.9966363310813904,0.49238091707229614,0.519081711769104,0.999984622001648,0.43014785647392273,0.5555115938186646,0.7450387477874756,0.49156269431114197,0.5988141298294067,0.9385318756103516
153,5.1,1,left,76.69173351091419,76.69173351091419,,0.4957598149776459,0.5179253816604614,0.9999914169311523,0.4773252308368683,0.5759839415550232,0.9980939030647278,0.5713270306587219,0.5830639600753784,0.996822714805603,0.4933914542198181,0.5201991200447083,0.9999847412109375,0.43302714824676514,0.5574394464492798,0.7403949499130249,0.5053892731666565,0.596632182598114,0.9370403289794922
154,5.133333333333334,1,left,87.61971963315385,75.68339754077894,,0.49522683024406433,0.5190045237541199,0.99998939037323,0.444940984249115,0.564214825630188,0.9963234663009644,0.4806021749973297,0.600709855556488,0.9966598153114319,0.4963285028934479,0.5214101076126099,0.9999838471412659,0.4697529971599579,0.5851428508758545,0.7525617480278015,0.5660251379013062,0.583968997001648,0.9401955604553223
155,5.166666666666667,1,left,61.321434794179844,76.69173351091419,,0.49574193358421326,0.5204085111618042,0.9999890327453613,0.4431585669517517,0.5627641081809998,0.9964263439178467,0.5191547274589539,0.5941964387893677,0.996746838092804,0.4956361949443817,0.5227544903755188,0.9999822378158569,0.4629872441291809,0.5780148506164551,0.7657374143600464,0.5322219133377075,0.5864145159721375,0.9430158734321594
156,5.2,1,left,71.42737652380056,79.19735083340167,,0.498630553483963,0.521847128868103,0.9999896883964539,0.46947968006134033,0.5682914853096008,0.996705949306488,0.5675435662269592,0.5919103622436523,0.9969051480293274,0.49507781863212585,0.5239962339401245,0.9999818205833435,0.46252429485321045,0.5727493166923523,0.7640259861946106,0.4879332482814789,0.6024684309959412,0.9433410167694092
157,5.233333333333333,1,left,81.39734657087232,79.13430773054804,,0.4983496069908142,0.523551344871521,0.9999906420707703,0.4824196398258209,0.5766780376434326,0.9969965815544128,0.5777522921562195,0.5902265906333923,0.9970930218696594,0.4955419898033142,0.5233673453330994,0.9999831914901733,0.4429696500301361,0.5645529627799988,0.7540858387947083,0.4727206826210022,0.6047291159629822,0.9434447884559631
158,5.266666666666667,1,left,79.19735083340167,79.13430773054804,,0.4995567500591278,0.5249921679496765,0.9999914169311523,0.48898860812187195,0.592612087726593,0.9972618222236633,0.581122100353241,0.5895236730575562,0.9972867965698242,0.49519601464271545,0.5231661796569824,0.999984085559845,0.4325906038284302,0.5583524703979492,0.7414293885231018,0.4699458181858063,0.6039589643478394,0.9439409375190735
159,5.3,1,left,79.13430773054804,79.13430773054804,,0.5000551342964172,0.5260387659072876,0.9999921917915344,0.4920661747455597,0.5960930585861206,0.9974946975708008,0.5831552147865295,0.5891484022140503,0.9974271655082703,0.49495989084243774,0.5238629579544067,0.9999849796295166,0.4318637549877167,0.5566425323486328,0.7222735285758972,0.4683241546154022,0.6035630702972412,0.9417787790298462
160,5.333333333333333,1,left,77.76040067946113,77.76040067946113,,0.5006474256515503,0.5266419649124146,0.9999929070472717,0.49261149764060974,0.5990720987319946,0.9977051615715027,0.584048867225647,0.5896089673042297,0.9975727200508118,0.4948199987411499,0.5244136452674866,0.9999861121177673,0.43140891194343567,0.5572267174720764,0.703750491142273,0.46781978011131287,0.6034907102584839,0.9409928321838379
161,5.366666666666666,1,left,77.0799968781046,77.0799968781046,,0.5022900700569153,0.5262324810028076,0.9999935626983643,0.4936719834804535,0.5999130606651306,0.9979013204574585,0.5858307480812073,0.5898221731185913,0.9977009296417236,0.4949398934841156,0.5255852937698364,0.9999871253967285,0.43101638555526733,0.5576208829879761,0.6941539645195007,0.46865779161453247,0.6033032536506653,0.9406616687774658
162,5.4,1,left,76.57054738054121,76.57054738054121,,0.5031449198722839,0.5264620184898376,0.999994158744812,0.4934224784374237,0.6001790761947632,0.9980733394622803,0.5867129564285278,0.5905118584632874,0.9978196024894714,0.49492427706718445,0.5270797610282898,0.9999880194664001,0.4294951558113098,0.5578810572624207,0.6847745180130005,0.46831002831459045,0.6031429171562195,0.9407649040222168
163,5.433333333333334,1,left,76.3366992221447,76.3366992221447,,0.5035464763641357,0.5269719362258911,0.999994695186615,0.4935455024242401,0.6008433699607849,0.9982300996780396,0.5871555209159851,0.5910817384719849,0.9979332685470581,0.4958508312702179,0.5271825790405273,0.9999887943267822,0.4295687675476074,0.5582453012466431,0.6753877401351929,0.4692429304122925,0.6032079458236694,0.9402129054069519
164,5.466666666666667,1,left,74.462822628665,74.462822628665,,0.5049768686294556,0.5271743535995483,0.9999951720237732,0.49309009313583374,0.6015421152114868,0.9983479380607605,0.5862892270088196,0.5909959673881531,0.9980020523071289,0.4968036711215973,0.5275834202766418,0.9999895095825195,0.42965009808540344,0.5607990026473999,0.6635665893554688,0.46943235397338867,0.6032364964485168,0.9389292001724243
165,5.5,1,left,73.90340732520666,74.05055771396246,,0.5058345198631287,0.5271790027618408,0.9999955892562866,0.4931188225746155,0.6013209223747253,0.9984608888626099,0.5861887335777283,0.5909394025802612,0.9980698227882385,0.4976195693016052,0.5271867513656616,0.9999900460243225,0.4297011196613312,0.5609409809112549,0.652380108833313,0.4696647524833679,0.6033571362495422,0.9369924664497375
166,5.533333333333333,1,left,73.17579810245063,73.90340732520666,,0.5064612627029419,0.5277105569839478,0.9999959468841553,0.49320676922798157,0.6020054221153259,0.9985692501068115,0.5863518118858337,0.5910488367080688,0.9981268048286438,0.4984111189842224,0.5268779993057251,0.9999904036521912,0.42983847856521606,0.5609776973724365,0.6449112296104431,0.4702748656272888,0.6036785840988159,0.9361617565155029
167,5.566666666666666,1,left,74.05055771396246,73.80573402686282,,0.5062461495399475,0.5278526544570923,0.9999962449073792,0.4939366281032562,0.6019054055213928,0.9986677169799805,0.5869432091712952,0.5912894606590271,0.998187780380249,0.49883177876472473,0.5268049836158752,0.9999905228614807,0.4329840838909149,0.5627434849739075,0.6373694539070129,0.4707702398300171,0.6042231321334839,0.9348352551460266
168,5.6,1,left,73.80573402686282,73.80573402686282,,0.5066163539886475,0.5278944969177246,0.9999964237213135,0.4937288463115692,0.6014465093612671,0.9987553358078003,0.5869714021682739,0.5912249088287354,0.9982149004936218,0.49880316853523254,0.5266997814178467,0.9999901056289673,0.42930835485458374,0.5621575117111206,0.6296940445899963,0.47083407640457153,0.6055730581283569,0.9331973791122437
169,5.633333333333334,1,left,73.32921140532467,73.82795546975731,,0.5071660280227661,0.5279257297515869,0.9999964833259583,0.4935162663459778,0.6012377738952637,0.99882572889328,0.5866624116897583,0.5912441611289978,0.9982085227966309,0.49310731887817383,0.5283104777336121,0.9999890327453613,0.4275946319103241,0.5616419911384583,0.6244871020317078,0.4705473482608795,0.6060653924942017,0.9311249852180481
170,5.666666666666667,1,left,73.82795546975731,73.82795546975731,,0.5071291327476501,0.5278488993644714,0.9999966621398926,0.4939925968647003,0.6009442806243896,0.9988884925842285,0.5864885449409485,0.5912491083145142,0.9982157349586487,0.490756094455719,0.5292924642562866,0.999988853931427,0.42793211340904236,0.5616354942321777,0.6209491491317749,0.4704621732234955,0.6062648892402649,0.9294703006744385
171,5.7,1,left,74.0275488637852,74.0275488637852,,0.507002055644989,0.5278311967849731,0.9999969005584717,0.49381572008132935,0.6006182432174683,0.99895179271698,0.5862392783164978,0.5913867354393005,0.9982542991638184,0.4931758940219879,0.5279722213745117,0.9999892711639404,0.42810431122779846,0.5624001622200012,0.6198817491531372,0.4702445864677429,0.6059798002243042,0.9295490980148315
172,5.733333333333333,1,left,75.12496396912128,75.12496396912128,,0.5063669085502625,0.5273764133453369,0.999997079372406,0.4937806725502014,0.5999273061752319,0.9990202784538269,0.5860532522201538,0.5918005704879761,0.9983204007148743,0.4934636950492859,0.5258984565734863,0.9999897480010986,0.4281998872756958,0.562333881855011,0.6196600198745728,0.4703325629234314,0.6054939031600952,0.9306503534317017
173,5.766666666666667,1,left,77.17325931348265,77.17325931348265,,0.505768895149231,0.5255213379859924,0.9999972581863403,0.4934478998184204,0.5965989828109741,0.9990891218185425,0.5858026146888733,0.5917710065841675,0.9983702301979065,0.49354684352874756,0.5238851308822632,0.9999899864196777,0.428052693605423,0.559642493724823,0.6285631060600281,0.4703570008277893,0.6054852604866028,0.9329730272293091
174,5.8,1,left,77.95658326276639,77.95658326276639,,0.5050548315048218,0.5235281586647034,0.9999972581863403,0.4918282628059387,0.5940300822257996,0.9991422295570374,0.5853860378265381,0.5917143225669861,0.998381495475769,0.49361652135849,0.52211993932724,0.9999895691871643,0.42785876989364624,0.5579334497451782,0.6362100839614868,0.47027939558029175,0.6054498553276062,0.9347060322761536
175,5.833333333333333,1,left,82.52286736203287,82.52286736203287,,0.503846287727356,0.5213854312896729,0.9999973773956299,0.4888971447944641,0.5792678594589233,0.9991758465766907,0.5814272165298462,0.5906357765197754,0.9984020590782166,0.4939294755458832,0.5222715139389038,0.9999898076057434,0.4292130470275879,0.5598232746124268,0.6511857509613037,0.48101791739463806,0.6054205298423767,0.9381195306777954
176,5.866666666666666,1,left,84.44583698256967,82.52286736203287,,0.5021362900733948,0.5190656781196594,0.9999973177909851,0.4873007833957672,0.5744184255599976,0.9992122054100037,0.5784741044044495,0.5895929932594299,0.9984092116355896,0.4932287633419037,0.520106315612793,0.99998939037323,0.42922499775886536,0.5586928129196167,0.6711361408233643,0.47825807332992554,0.6052249670028687,0.9417226314544678
177,5.9,1,left,85.11311031001092,84.44583698256967,,0.5007886290550232,0.518582820892334,0.9999968409538269,0.4863998591899872,0.5712438225746155,0.9992285370826721,0.5779123306274414,0.5880316495895386,0.9984824061393738,0.49244433641433716,0.5174301862716675,0.9999869465827942,0.4286474287509918,0.5548635721206665,0.6814118027687073,0.4761386811733246,0.6054955124855042,0.9437277913093567
178,5.933333333333334,1,left,74.24422160708116,85.11311031001092,,0.49794408679008484,0.5156687498092651,0.9999956488609314,0.4721536934375763,0.5698238611221313,0.9991037845611572,0.5724346041679382,0.5869823098182678,0.9984773397445679,0.4925071895122528,0.5151549577713013,0.9999846816062927,0.4469175338745117,0.5653089284896851,0.6928938627243042,0.5071799159049988,0.6018027067184448,0.9451051950454712
179,5.966666666666667,1,left,95.70127724453923,85.11311031001092,,0.4967952072620392,0.5124236345291138,0.9999765753746033,0.45733559131622314,0.5663244128227234,0.9982523918151855,0.4938145577907562,0.5990647077560425,0.9982877969741821,0.489692360162735,0.51397305727005,0.9999653697013855,0.4590247571468353,0.5682429671287537,0.7098286747932434,0.5430504083633423,0.588569164276123,0.9462684988975525
180,6.0,1,left,86.28685424181684,83.82333492606855,,0.497191846370697,0.5092322826385498,0.999975860118866,0.4657919108867645,0.5648247003555298,0.9982343912124634,0.512732744216919,0.5874618887901306,0.9983571767807007,0.4883585274219513,0.5117505788803101,0.9999599456787109,0.45878031849861145,0.5672610998153687,0.7158909440040588,0.5165526270866394,0.5923473834991455,0.9464563727378845
181,6.033333333333333,1,left,83.82333492606855,84.14742357204739,,0.4967382252216339,0.5051690340042114,0.9999750256538391,0.46891918778419495,0.5619210004806519,0.9982788562774658,0.5397383570671082,0.5876086354255676,0.9984515309333801,0.4865446388721466,0.5087003707885742,0.9999526739120483,0.4509970545768738,0.5666579604148865,0.7289652824401855,0.504813015460968,0.5942498445510864,0.9476741552352905
182,6.066666666666666,1,left,80.18511790334622,84.14742357204739,,0.4956500828266144,0.5015298128128052,0.9999762177467346,0.46962663531303406,0.5581703186035156,0.9983775019645691,0.5532891750335693,0.5803710222244263,0.9985466003417969,0.4842284023761749,0.505005419254303,0.9999494552612305,0.4391164779663086,0.5563421845436096,0.7289271354675293,0.4798053503036499,0.5989073514938354,0.9464973211288452
183,6.1,1,left,84.14742357204739,84.14742357204739,,0.4913025200366974,0.49749454855918884,0.999977707862854,0.4699592590332031,0.5555714964866638,0.9984757304191589,0.555388331413269,0.5773880481719971,0.9986419677734375,0.4820309579372406,0.5013278722763062,0.9999484419822693,0.43451574444770813,0.5549296140670776,0.7296278476715088,0.4748274087905884,0.6001420021057129,0.9432402849197388
184,6.133333333333334,1,left,88.79738250147764,88.79738250147764,,0.4862089157104492,0.49256616830825806,0.9999790191650391,0.4701298177242279,0.5537856817245483,0.9984629154205322,0.5575342774391174,0.5747914910316467,0.9986972212791443,0.4789945185184479,0.4979163706302643,0.9999489188194275,0.43921130895614624,0.5550729036331177,0.7272430062294006,0.4765331447124481,0.6031914353370667,0.9402030110359192
185,6.166666666666667,1,left,93.22642255133952,93.22642255133952,,0.48250526189804077,0.48979321122169495,0.9999798536300659,0.47158199548721313,0.5522139668464661,0.9984023571014404,0.5577778220176697,0.5723553895950317,0.9987179636955261,0.4787275493144989,0.4934481978416443,0.9999485015869141,0.44083160161972046,0.5550452470779419,0.7174600958824158,0.4767071604728699,0.6033096313476562,0.9346001148223877
186,6.2,1,left,96.36915542120086,94.339873104827,,0.4801850914955139,0.4876862168312073,0.9999809265136719,0.47234398126602173,0.5496243238449097,0.99845290184021,0.5587247610092163,0.5704967975616455,0.9987838268280029,0.4773603081703186,0.4908929467201233,0.9999472498893738,0.4400843679904938,0.5513455867767334,0.7207860350608826,0.4751257598400116,0.6042853593826294,0.9326316118240356
187,6.233333333333333,1,left,101.09500063587677,94.339873104827,,0.4781535267829895,0.4854702055454254,0.9999818205833435,0.4743259847164154,0.5476845502853394,0.9983364343643188,0.5607808828353882,0.5702293515205383,0.9987446069717407,0.47711604833602905,0.4877697825431824,0.9999459981918335,0.44234469532966614,0.5512033700942993,0.7198792695999146,0.4757980406284332,0.6053717732429504,0.9286701679229736
188,6.266666666666667,1,left,94.339873104827,94.339873104827,,0.48052075505256653,0.48213639855384827,0.9999827146530151,0.4719756543636322,0.5496410131454468,0.9982302784919739,0.5617988109588623,0.5680044293403625,0.9987003803253174,0.4770051836967468,0.48614150285720825,0.9999465942382812,0.44406336545944214,0.5501436591148376,0.7281054258346558,0.4753066599369049,0.6052350401878357,0.930167019367218
189,6.3,1,left,87.25173948881145,94.339873104827,,0.48139673471450806,0.48046937584877014,0.9999834299087524,0.46531468629837036,0.5494000315666199,0.9978776574134827,0.5608809590339661,0.5669127702713013,0.9984222650527954,0.47723329067230225,0.482980340719223,0.9999470710754395,0.4455614686012268,0.5486302971839905,0.7258032560348511,0.47553279995918274,0.6051590442657471,0.926598310470581
190,6.333333333333333,1,left,79.30489910028166,94.339873104827,,0.4807717204093933,0.4797423481941223,0.9999831914901733,0.4556056261062622,0.5493907332420349,0.9971344470977783,0.5531470775604248,0.5651387572288513,0.9977831840515137,0.4793461561203003,0.48022717237472534,0.9999483823776245,0.4465682804584503,0.5465611219406128,0.7225825786590576,0.4759245216846466,0.6038476228713989,0.920214056968689
191,6.366666666666666,1,left,129.36241313484382,87.25173948881145,,0.4768919348716736,0.4794703423976898,0.9999675154685974,0.4503489136695862,0.5484775900840759,0.9927538633346558,0.48159095644950867,0.6034762263298035,0.9968993067741394,0.48109909892082214,0.4780382215976715,0.9999200105667114,0.4551120102405548,0.5453909039497375,0.7170906066894531,0.5435465574264526,0.5734186172485352,0.9068535566329956
192,6.4,1,left,108.66425095695683,86.87777275890785,,0.47623878717422485,0.47722166776657104,0.9999651312828064,0.45304590463638306,0.5448060631752014,0.9921075105667114,0.4914228320121765,0.574365496635437,0.9953517317771912,0.48111042380332947,0.4762454926967621,0.9999212622642517,0.45260512828826904,0.5429708361625671,0.7198765873908997,0.5037211775779724,0.5905652642250061,0.9023182988166809
193,6.433333333333334,1,left,86.87777275890785,86.87777275890785,,0.4769911766052246,0.474518358707428,0.9999626278877258,0.4559940993785858,0.5407724976539612,0.9918063282966614,0.5214642882347107,0.5576580166816711,0.9939045310020447,0.47966986894607544,0.47714337706565857,0.9999223947525024,0.45134812593460083,0.5408047437667847,0.7258764505386353,0.4875807762145996,0.5974605083465576,0.9032643437385559
194,6.466666666666667,1,left,85.01549681837358,86.87777275890785,,0.4761323034763336,0.4733215272426605,0.9999578595161438,0.456297904253006,0.5401241779327393,0.991659939289093,0.5288022756576538,0.5549441576004028,0.9927001595497131,0.47944360971450806,0.4747005105018616,0.9999251961708069,0.452280730009079,0.5396324396133423,0.7349099516868591,0.4847010672092438,0.600618302822113,0.9062955975532532
195,6.5,1,left,83.1353582902117,86.769004448887,,0.47290289402008057,0.4720969796180725,0.999955415725708,0.4537806510925293,0.5391080975532532,0.9918186664581299,0.5356616377830505,0.552167534828186,0.9923811554908752,0.4800117313861847,0.470344603061676,0.9999271035194397,0.4573462903499603,0.5367640256881714,0.7350170016288757,0.48331764340400696,0.6015313267707825,0.9083812236785889
196,6.533333333333333,1,left,87.54896775302126,86.769004448887,,0.4725894033908844,0.46971192955970764,0.9999516010284424,0.45460668206214905,0.5379425287246704,0.9917619228363037,0.5374912619590759,0.5560354590415955,0.9916651248931885,0.4802418053150177,0.4681704044342041,0.9999260902404785,0.46021080017089844,0.5366710424423218,0.731461763381958,0.4819238781929016,0.6020616292953491,0.9075546264648438
197,6.566666666666666,1,left,86.769004448887,87.41820437902452,,0.4722498953342438,0.468021959066391,0.9999479651451111,0.45510944724082947,0.5372761487960815,0.9916549921035767,0.545239269733429,0.5542581081390381,0.9909719228744507,0.47977522015571594,0.46774181723594666,0.9999250769615173,0.4618457853794098,0.5360273122787476,0.7257968783378601,0.4814780354499817,0.6022757291793823,0.9068620204925537
198,6.6,1,left,87.41820437902452,87.54896775302126,,0.47093436121940613,0.4661737084388733,0.9999485611915588,0.45544323325157166,0.5359112024307251,0.9919703006744385,0.5457279682159424,0.5517370104789734,0.9908615946769714,0.4789917767047882,0.46642884612083435,0.9999282956123352,0.4608587324619293,0.5352780818939209,0.7281012535095215,0.4813431203365326,0.604073166847229,0.9091320633888245
199,6.633333333333334,1,left,88.98241204021087,88.08950102602178,,0.4689061939716339,0.4653584361076355,0.9999492764472961,0.45462197065353394,0.535405695438385,0.9922585487365723,0.5458387136459351,0.5523253679275513,0.9908550381660461,0.47768667340278625,0.4657071530818939,0.9999313950538635,0.4603414535522461,0.5357747077941895,0.7268128395080566,0.4808296263217926,0.6052526831626892,0.9115243554115295
200,6.666666666666667,1,left,88.08950102602178,88.6776838376227,,0.4673965275287628,0.4657202661037445,0.9999487996101379,0.45241934061050415,0.5334696769714355,0.992385745048523,0.538421630859375,0.5494950413703918,0.9889928698539734,0.47613197565078735,0.4665904939174652,0.9999344944953918,0.4595707058906555,0.5363774299621582,0.7293595671653748,0.48033949732780457,0.6064062714576721,0.9135010838508606
201,6.7,1,left,88.6776838376227,88.6776838376227,,0.465789258480072,0.4658014178276062,0.9999493956565857,0.4507051408290863,0.5322713255882263,0.9921998381614685,0.532331645488739,0.5488240718841553,0.9854071140289307,0.4749997556209564,0.46729978919029236,0.9999382495880127,0.45908620953559875,0.5368131995201111,0.7294840216636658,0.4804604649543762,0.6077522039413452,0.91453617811203
202,6.733333333333333,1,left,89.49156090494367,88.11854932153183,,0.4640049636363983,0.4651619791984558,0.9999502301216125,0.44905605912208557,0.5325652956962585,0.992119312286377,0.5293699502944946,0.5496312379837036,0.9837964773178101,0.47473615407943726,0.46659374237060547,0.9999417066574097,0.45878422260284424,0.5367645621299744,0.7254835963249207,0.48050954937934875,0.6074942350387573,0.9157404899597168
203,6.766666666666667,1,left,88.11854932153183,88.11854932153183,,0.4634718894958496,0.4648916721343994,0.9999510645866394,0.44668182730674744,0.5323489308357239,0.9922081828117371,0.5242710113525391,0.5489761233329773,0.9826740622520447,0.4738670289516449,0.46637099981307983,0.9999452829360962,0.4587126076221466,0.5367258191108704,0.7275494933128357,0.4805690348148346,0.6073675751686096,0.9187078475952148
204,6.8,1,left,86.03511726027682,86.03511726027682,,0.46299511194229126,0.46472159028053284,0.9999514222145081,0.4446238875389099,0.5318055152893066,0.9923796057701111,0.5182357430458069,0.5465818643569946,0.9813498854637146,0.4723968207836151,0.4666086733341217,0.9999486804008484,0.45857810974121094,0.536870539188385,0.7287520170211792,0.4805926978588104,0.607252836227417,0.9207362532615662
205,6.833333333333333,1,left,84.18320381949216,84.18320381949216,,0.4628165364265442,0.4645042419433594,0.9999513030052185,0.4417617619037628,0.5316139459609985,0.9924424290657043,0.5151703953742981,0.5466849207878113,0.979686975479126,0.4711589217185974,0.4669114947319031,0.999951958656311,0.45843231678009033,0.5369584560394287,0.7298964262008667,0.48064613342285156,0.6073392033576965,0.9229708909988403
206,6.866666666666666,1,left,81.52960544487381,81.52960544487381,,0.462186336517334,0.464785635471344,0.9999504089355469,0.439758837223053,0.5313624143600464,0.9924493432044983,0.5113610625267029,0.5441767573356628,0.9778816103935242,0.4701566696166992,0.4670839309692383,0.9999548196792603,0.4582749009132385,0.5369842052459717,0.7309827208518982,0.48066651821136475,0.6073926091194153,0.924584150314331
207,6.9,1,left,78.9703225368813,81.52960544487381,,0.46166467666625977,0.46484312415122986,0.9999486207962036,0.4384342133998871,0.5308610796928406,0.9922440052032471,0.5100519061088562,0.5413808822631836,0.9752141237258911,0.4695686995983124,0.4672683775424957,0.9999576210975647,0.45816555619239807,0.5370087027549744,0.7323254346847534,0.48069527745246887,0.6076476573944092,0.9259103536605835
208,6.933333333333334,1,left,79.05103593342834,81.52960544487381,,0.461946576833725,0.46489816904067993,0.999949038028717,0.43854567408561707,0.5311594605445862,0.9924049377441406,0.514080822467804,0.5424513220787048,0.9754834771156311,0.46862468123435974,0.46750131249427795,0.9999602437019348,0.4581259787082672,0.5371914505958557,0.7330231070518494,0.4806901514530182,0.6079882383346558,0.9287039041519165
209,6.966666666666667,1,left,83.54496879512432,83.54496879512432,,0.46220073103904724,0.4648515284061432,0.9999483823776245,0.438363641500473,0.5313636660575867,0.9924392104148865,0.5160784125328064,0.549680233001709,0.9757086038589478,0.4676057994365692,0.46771755814552307,0.999962329864502,0.45810192823410034,0.5375760793685913,0.7318688631057739,0.48086705803871155,0.6082205772399902,0.9311156272888184
210,7.0,1,left,85.28034737912047,84.85389523256218,,0.4623827636241913,0.46483954787254333,0.9999488592147827,0.43814581632614136,0.5315138101577759,0.9925963282585144,0.517267644405365,0.5530955791473389,0.9762601256370544,0.46721509099006653,0.468140184879303,0.9999644756317139,0.4578854441642761,0.537955641746521,0.7304933071136475,0.48098766803741455,0.6084259152412415,0.9331561326980591
211,7.033333333333333,1,left,86.06607391749256,84.85389523256218,,0.46249011158943176,0.4647347331047058,0.99994957447052,0.43772369623184204,0.5316178798675537,0.9927977919578552,0.5179173946380615,0.5551978945732117,0.9769755005836487,0.46652019023895264,0.46827641129493713,0.9999663829803467,0.45514044165611267,0.5379786491394043,0.7313092350959778,0.48116591572761536,0.6085226535797119,0.9352773427963257
212,7.066666666666666,1,left,84.85389523256218,85.04745970290355,,0.46260085701942444,0.46466580033302307,0.9999513626098633,0.43659311532974243,0.5316929817199707,0.9931499361991882,0.5184396505355835,0.5552564859390259,0.9779812693595886,0.46626266837120056,0.4685073792934418,0.999968409538269,0.4529024660587311,0.5379952192306519,0.7321814298629761,0.4812472462654114,0.6085025668144226,0.9371324777603149
213,7.1,1,left,84.84783423167075,85.04745970290355,,0.4629039764404297,0.46460819244384766,0.9999521970748901,0.4367835223674774,0.5317281484603882,0.9933728575706482,0.5187838673591614,0.5554147362709045,0.9785813689231873,0.46574175357818604,0.46888893842697144,0.9999698996543884,0.4513682425022125,0.5380128622055054,0.7350122332572937,0.4812578558921814,0.6085345149040222,0.9390561580657959
214,7.133333333333334,1,left,85.04745970290355,85.04745970290355,,0.4629916250705719,0.4645616412162781,0.9999538064002991,0.43687865138053894,0.531768798828125,0.9936922192573547,0.51899653673172,0.5557519197463989,0.9795197248458862,0.46553167700767517,0.4690025746822357,0.9999713897705078,0.451189786195755,0.5380250215530396,0.735826313495636,0.4813479781150818,0.6085221767425537,0.940845251083374
215,7.166666666666667,1,left,85.18217889607021,85.18217889607021,,0.46300551295280457,0.4645230174064636,0.9999548196792603,0.4370155930519104,0.531777024269104,0.9939730167388916,0.5190961360931396,0.5557960271835327,0.9804735779762268,0.46562430262565613,0.4690440595149994,0.9999727010726929,0.4513031542301178,0.5380823612213135,0.7360292673110962,0.48144787549972534,0.6085101366043091,0.9425792098045349
216,7.2,1,left,85.19821696134927,85.19821696134927,,0.4630642831325531,0.4643979072570801,0.9999571442604065,0.43700912594795227,0.5318044424057007,0.9943196177482605,0.5192273855209351,0.555895984172821,0.9814784526824951,0.46563369035720825,0.46907201409339905,0.9999740719795227,0.45140135288238525,0.5382789373397827,0.7370827794075012,0.481514573097229,0.608525812625885,0.9443303942680359
217,7.233333333333333,1,left,85.67858497775359,85.19821696134927,,0.46308958530426025,0.4641253352165222,0.9999593496322632,0.43712109327316284,0.5318052768707275,0.9945703148841858,0.519347071647644,0.5564275979995728,0.9820639491081238,0.4657140076160431,0.46908077597618103,0.9999755024909973,0.45138588547706604,0.5383824110031128,0.7375929355621338,0.4816496968269348,0.608720600605011,0.945307731628418
218,7.266666666666667,1,left,85.27528504190464,85.19821696134927,,0.46313291788101196,0.4641386568546295,0.9999610781669617,0.4363936185836792,0.531816840171814,0.9947579503059387,0.5193894505500793,0.5569285154342651,0.9825814962387085,0.46731996536254883,0.469154417514801,0.9999766945838928,0.4520553648471832,0.5385274887084961,0.737196683883667,0.4818917512893677,0.6088602542877197,0.945992112159729
219,7.3,1,left,84.81161506796263,84.81161506796263,,0.46311935782432556,0.46414393186569214,0.999962329864502,0.4358004629611969,0.5317829847335815,0.9949458837509155,0.5194301605224609,0.557040274143219,0.9832106232643127,0.46847787499427795,0.46915656328201294,0.9999775290489197,0.45287075638771057,0.5385040044784546,0.7371793389320374,0.48191216588020325,0.6088709235191345,0.9465399384498596
220,7.333333333333333,1,left,84.79852275146297,84.79852275146297,,0.4635072648525238,0.4641548991203308,0.999963641166687,0.43589335680007935,0.5317680835723877,0.9950737357139587,0.519498348236084,0.5573512315750122,0.9834571480751038,0.4689579904079437,0.46916794776916504,0.9999785423278809,0.45294681191444397,0.5385085344314575,0.7391518354415894,0.48192092776298523,0.6092427372932434,0.9474374055862427
221,7.366666666666666,1,left,84.75717780512174,84.75717780512174,,0.463528573513031,0.4641633927822113,0.9999651908874512,0.43596363067626953,0.5318970084190369,0.9952287673950195,0.5199429392814636,0.5574144124984741,0.9839786291122437,0.4697315990924835,0.46910014748573303,0.9999794363975525,0.452971875667572,0.5384966731071472,0.7394735813140869,0.48190566897392273,0.6092856526374817,0.9478449821472168
222,7.4,1,left,84.12603392251417,84.42183111373178,,0.4639755189418793,0.46500882506370544,0.9999669790267944,0.4360125958919525,0.5316982269287109,0.995352566242218,0.5206717252731323,0.5573782920837402,0.9842740297317505,0.4707271158695221,0.46930187940597534,0.9999805688858032,0.4527202546596527,0.5384994149208069,0.7432103753089905,0.48162487149238586,0.6092811822891235,0.9486068487167358
223,7.433333333333334,1,left,84.42183111373178,84.12603392251417,,0.46407434344291687,0.464975506067276,0.9999687075614929,0.4361671209335327,0.531706690788269,0.9955077767372131,0.5213573575019836,0.5579417943954468,0.9850354194641113,0.4721245765686035,0.4687614440917969,0.9999812245368958,0.45272931456565857,0.5384246706962585,0.7400263547897339,0.48165246844291687,0.6088141202926636,0.9488003253936768
224,7.466666666666667,1,left,83.60660296861444,84.04033333572754,,0.4656977653503418,0.46544700860977173,0.999970018863678,0.4366118013858795,0.5322307348251343,0.9951480627059937,0.52149498462677,0.5584105849266052,0.9837151169776917,0.4733734130859375,0.46893349289894104,0.9999816417694092,0.4517018496990204,0.5384441614151001,0.7244227528572083,0.4816574454307556,0.6087278127670288,0.9418438673019409
225,7.5,1,left,84.04033333572754,83.60660296861444,,0.4662044942378998,0.4654928743839264,0.9999713897705078,0.4367101788520813,0.5323444604873657,0.9950407147407532,0.5232471227645874,0.5602067112922668,0.9838965535163879,0.47552767395973206,0.4687387943267822,0.9999818205833435,0.45060187578201294,0.5380656719207764,0.7173715233802795,0.48164692521095276,0.6067452430725098,0.9376818537712097
226,7.533333333333333,1,left,82.83432721731475,83.60660296861444,,0.46760669350624084,0.4660261571407318,0.999972939491272,0.43674436211586,0.5323862433433533,0.9950941801071167,0.5241531729698181,0.5604101419448853,0.9842545986175537,0.4760550558567047,0.4690585732460022,0.9999821186065674,0.45036250352859497,0.538131833076477,0.7120735049247742,0.48115941882133484,0.606644868850708,0.934959352016449
227,7.566666666666666,1,left,83.287953165152,84.04033333572754,,0.46804141998291016,0.4669596254825592,0.9999734163284302,0.4377347528934479,0.5334858298301697,0.9951401352882385,0.5275875329971313,0.562299907207489,0.9849917888641357,0.47639939188957214,0.46924108266830444,0.9999812245368958,0.44934558868408203,0.5381759405136108,0.7156916260719299,0.4809904098510742,0.6061874628067017,0.9345349073410034
228,7.6,1,left,84.55892372358743,84.55892372358743,,0.46839600801467896,0.467506468296051,0.999974250793457,0.43933209776878357,0.5342971682548523,0.9952495694160461,0.5292437672615051,0.5636416673660278,0.9858570694923401,0.477316290140152,0.4692777991294861,0.9999802708625793,0.4475875794887543,0.5377954840660095,0.7194432020187378,0.4806254208087921,0.60528564453125,0.9332706332206726
229,7.633333333333334,1,left,85.13358236785814,84.55892372358743,,0.46920549869537354,0.46862801909446716,0.9999743700027466,0.4418362081050873,0.535332977771759,0.9952905178070068,0.5324071645736694,0.5637893080711365,0.9867679476737976,0.4771832227706909,0.4704088270664215,0.9999780654907227,0.4450327157974243,0.5377035737037659,0.7277839183807373,0.47926297783851624,0.6052213907241821,0.9326918125152588
230,7.666666666666667,1,left,85.42607602693035,84.55892372358743,,0.4706326127052307,0.4692717492580414,0.9999750256538391,0.44370874762535095,0.5353678464889526,0.9953659176826477,0.5337259769439697,0.5639045238494873,0.9877080321311951,0.47622644901275635,0.4720929265022278,0.9999768137931824,0.44337350130081177,0.5380885004997253,0.7349720001220703,0.47735509276390076,0.6052643060684204,0.9324705600738525
231,7.7,1,left,82.1523691335375,82.1523691335375,,0.4736315608024597,0.4726506769657135,0.999975860118866,0.4448798894882202,0.5382615923881531,0.9955089092254639,0.5366422533988953,0.5642555952072144,0.9886574745178223,0.4760899245738983,0.4763232171535492,0.9999756217002869,0.44165149331092834,0.5393037796020508,0.745262861251831,0.47647327184677124,0.6050746440887451,0.9330195784568787
232,7.733333333333333,1,left,79.32108173704908,79.32108173704908,,0.4760800004005432,0.47585707902908325,0.9999768733978271,0.4452444314956665,0.5405797362327576,0.995538592338562,0.5401219725608826,0.5656393766403198,0.9894968867301941,0.47643157839775085,0.47976571321487427,0.9999755024909973,0.44003820419311523,0.5408480167388916,0.7538463473320007,0.4754083752632141,0.6041373014450073,0.9338194131851196
233,7.766666666666667,1,left,79.13025320619869,79.32108173704908,,0.47728782892227173,0.4778524935245514,0.9999779462814331,0.44740694761276245,0.5429283380508423,0.995710551738739,0.5439671874046326,0.5666340589523315,0.9903513193130493,0.4767858386039734,0.48197489976882935,0.9999752044677734,0.43988314270973206,0.5422390699386597,0.7637147307395935,0.4753304421901703,0.6035995483398438,0.935300886631012
234,7.8,1,left,78.15269824427685,79.13025320619869,,0.47972652316093445,0.48034000396728516,0.9999790787696838,0.44855788350105286,0.5434584617614746,0.9959281086921692,0.5468987226486206,0.5687692165374756,0.9911772608757019,0.47711265087127686,0.484999418258667,0.9999756217002869,0.43809738755226135,0.5437518954277039,0.7765251398086548,0.4754960834980011,0.603162407875061,0.9382296800613403
